id,verification_status,owner_id,created_by,customer_id,property_type,category,address,district_id,municipal_id,province_id,city,rent_amount,property_area,area_unit,property_face,parking_space,car_parking,bike_parking,kitchen,living_room,bedroom,layout,service_amount,service_amount_day,road_size,build_date,stay_period,road_type,rental_purpose,remarks,delete,owner_agreement,owner_image,status,created_at,updated_at,ward_num,map_url,amenities,share_map_url,verification_note,latitude,longitude,is_vectorized_complete,last_vectorized_at,vector_version,vectorization_error_message
1,pending,3,3,3,LAND,RESIDENTIAL,Aarchalbot Near Barpatan school,38,,,,13000,,,WEST,YES,,1,,,,,,,,2072,,,rent,t,1,,,COMPLETE,2024-08-09T11:11:11.000Z,2024-09-29T07:08:51.000Z,,,,,,28.3448382,83.9716957,1,2026-03-01T20:02:50.000Z,0,
2,pending,3,3,24,HOUSE,RESIDENTIAL,akha hospital chowk bata 200m agadi then right,38,,,,1,,,WEST,YES,,,,,,1R,,,,2073,,,self,f,1,,,ACTIVE,2024-08-09T12:21:48.000Z,2024-08-09T12:21:48.000Z,,,,,,28.3448382,83.9716957,1,2026-03-01T20:02:50.000Z,0,
3,pending,3,3,52,FLAT,TOURISM,Ranioauwa near telecom,38,,,,18000,,,SOUTH,NO,,,,,,2BHK,,,,2079,,,self,ss,1,,,COMPLETE,2024-08-12T10:07:44.000Z,2024-09-29T07:08:46.000Z,,,,,,28.3448382,83.9716957,1,2026-03-01T20:02:50.000Z,0,
4,pending,3,3,106,ROOM,RESIDENTIAL,fulbarri near bhaskar school,38,,,,6500,,,WEST,YES,,2,,,,1R,,,,2081,,,self,f,1,,,COMPLETE,2024-08-15T08:30:00.000Z,2024-09-29T07:09:11.000Z,,,,,,28.3448382,83.9716957,1,2026-03-01T20:02:50.000Z,0,
5,pending,3,3,183,FLAT,RESIDENTIAL,Chauthe Kandipur Boarding Paxadi,38,,,,16000,,,WEST,YES,,,,,,1R,,,,2080,,,cc,sss,1,,,ACTIVE,2024-08-23T08:36:24.000Z,2024-08-23T08:36:24.000Z,,,,,,28.3448382,83.9716957,1,2026-03-01T20:02:50.000Z,0,
6,pending,3,3,106,FLAT,RESIDENTIAL,Bhanuchowk,38,,,,10000,,,NORTH-WEST,YES,,,,,,1R,,,,2078\,,,w,q,1,,,ACTIVE,2024-08-23T08:37:44.000Z,2024-08-23T08:37:44.000Z,,,,,,28.3448382,83.9716957,1,2026-03-01T20:02:50.000Z,0,
7,pending,3,3,185,FLAT,RESIDENTIAL,Nayabajar,38,,,,60000,1,ROPANI,EAST,YES,,,,,,1R,,,,2067,,,whole house,bunglow,1,,,ACTIVE,2024-08-23T08:43:24.000Z,2024-08-23T08:43:24.000Z,,,,,,28.2946508,83.8221216,1,2026-03-01T20:02:50.000Z,0,
8,pending,3,3,186,FLAT,RESIDENTIAL,fulbari near growing buds,38,,,,14000,,,SOUTH,YES,,3,,,,1R,,,,2067,,,d,w,1,,,COMPLETE,2024-08-23T08:48:28.000Z,2024-09-29T07:09:20.000Z,,,,,,28.3448382,83.9716957,1,2026-03-01T20:02:50.000Z,0,
9,pending,3,3,187,FLAT,SEMI_COMMERCIAL,Purandhara chowk,38,,,,0,,,NORTH,YES,,,,,,1R,,,,2068,,,rr,rrr,1,,,ACTIVE,2024-08-23T08:56:48.000Z,2024-08-23T08:56:48.000Z,,,,,,28.3448382,83.9716957,1,2026-03-01T20:02:50.000Z,0,
10,pending,3,3,188,FLAT,TOURISM,Lakeside street no 13 near Kuti resort,38,,,,30000,,,SOUTH,YES,,,,,,WHOLE_HOUSE,,,,2076,,,x,x,1,,,ACTIVE,2024-08-23T09:01:32.000Z,2024-08-23T09:01:32.000Z,,,,,,28.3448382,83.9716957,1,2026-03-01T20:02:50.000Z,0,
11,pending,3,3,189,OFFICE_SPACE,COMMERCIAL,newroad,38,,,,130000,,,NORTH-EAST,YES,,,,,,1R,,,,2067,,,s,2200 SQ,1,,,ACTIVE,2024-08-23T09:03:49.000Z,2024-08-23T09:03:49.000Z,,,,,,28.2208486,83.9869155,1,2026-03-01T20:02:50.000Z,0,
12,pending,3,3,190,FLAT,TOURISM,Ranipauwa,38,224,,,17000,,,NORTH-EAST,NO,,,,,,1BHK,,,,2076,,,Z,ATTACHED TOILET,1,,,ACTIVE,2024-08-23T09:05:30.000Z,2025-01-29T08:10:45.000Z,14,,,,,28.2086393,84.0006130,1,2026-03-01T20:02:50.000Z,0,
13,pending,3,3,192,FLAT,RESIDENTIAL,Begnastal,38,,,,0,,,EAST,NO,,,,,,1R,,,,2064,,,KI,I,1,,,ACTIVE,2024-08-23T09:06:33.000Z,2024-08-23T09:06:33.000Z,,,,,,28.1644260,84.0890570,1,2026-03-01T20:02:50.000Z,0,
14,pending,3,3,193,ROOM,RESIDENTIAL,Nayabajar,38,,,,2000,,,SOUTH,NO,,,,,,1R,,,,2075,,,UU,TIN KO GHAR  mATHILLO taLA MA,1,,,ACTIVE,2024-08-23T09:08:00.000Z,2024-08-23T09:08:00.000Z,,,,,,28.2946508,83.8221216,1,2026-03-01T20:02:50.000Z,0,
15,pending,3,3,194,SHUTTER,COMMERCIAL,Nayabajar,38,,,,42000,,,NORTH-EAST,NO,,,,,,1R,,,,2069,,,a,woekshop hotel lai nadini 1=21k 2=42k,1,,,ACTIVE,2024-08-23T09:09:55.000Z,2024-08-23T09:09:55.000Z,,,,,,28.2946508,83.8221216,1,2026-03-01T20:02:50.000Z,0,
16,pending,3,3,195,HOUSE,COMMERCIAL,lakeside,38,,,,180000,,,EAST,YES,,,,,,1R,,,,2072,,,1.5 ropani land =5 ota shutter,pub /restaurant/club,1,,,ACTIVE,2024-08-23T09:11:39.000Z,2024-08-23T09:11:39.000Z,,,,,,28.2210594,83.9583140,1,2026-03-01T20:02:50.000Z,0,
17,pending,3,3,196,FLAT,RESIDENTIAL,Parsyang,38,,,,22000,,,EAST,NO,,,,,,1R,,,,2079,,,self,18000 for 1bhk and 22000for 2 bhk,1,,,ACTIVE,2024-08-23T09:19:36.000Z,2024-08-23T09:19:36.000Z,,,,,,28.2268332,83.9797692,1,2026-03-01T20:02:50.000Z,0,
18,pending,3,3,197,SHUTTER,RESIDENTIAL,lovely dada  housing,38,,,,4000,,,ANY,NO,,,,,,1R,,,,2059,,,x,c,1,,,ACTIVE,2024-08-23T09:20:58.000Z,2024-08-23T09:20:58.000Z,,,,,,28.1116213,84.2212189,1,2026-03-01T20:02:50.000Z,0,
19,pending,3,3,198,FLAT,RESIDENTIAL,nayatalchowk,38,,,,15000,,,NORTH-WEST,NO,,,,,,1R,,,,2079,,,d,xd,1,,,ACTIVE,2024-08-23T09:24:14.000Z,2024-08-23T09:24:14.000Z,,,,,,28.3448382,83.9716957,1,2026-03-01T20:02:50.000Z,0,
20,pending,3,3,304,FLAT,TOURISM,Lakeside,38,,,,35000,,,NORTH,YES,,,,,,2BHK,,,,2077,,,Apartment,street no 13 sonam bakery tala,1,,,ACTIVE,2024-08-23T09:26:09.000Z,2024-10-08T08:21:02.000Z,,,,,,28.2210594,83.9583140,1,2026-03-01T20:02:50.000Z,0,
21,pending,3,3,199,OFFICE_SPACE,COMMERCIAL,Baglung buspark,38,,,,40000,,,EAST,NO,,,,,,1R,,,,2080,,,1000sq,h,1,,,ACTIVE,2024-08-23T09:27:16.000Z,2024-08-23T09:27:16.000Z,,,,,,28.2324067,83.9827950,1,2026-03-01T20:02:50.000Z,0,
22,pending,3,3,200,SHUTTER,COMMERCIAL,Talchowk,38,,,,25000,,,NORTH-EAST,NO,,,,,,1R,,,,2060,,,for office /business,450sqft,1,,,ACTIVE,2024-08-23T09:28:55.000Z,2024-08-23T09:28:55.000Z,,,,,,28.1643702,84.0901242,1,2026-03-01T20:02:50.000Z,0,
23,pending,3,3,201,HOTEL,TOURISM,Lakeside,38,,,,200000,,,SOUTH,YES,,,,,,1R,,,,2069,,,hpotel,50 lakh Advance,1,,,ACTIVE,2024-08-23T09:30:06.000Z,2024-08-23T09:30:06.000Z,,,,,,28.2210594,83.9583140,1,2026-03-01T20:02:50.000Z,0,
24,pending,3,3,202,SHUTTER,COMMERCIAL,chipledhunga,38,,,,10000,,,SOUTH,NO,,,,,,1R,,,,2060,,,Bootik/Coffeeshop,ee,1,,,ACTIVE,2024-08-23T09:31:46.000Z,2024-08-23T09:31:46.000Z,,,,,,28.2239360,83.9895264,1,2026-03-01T20:02:50.000Z,0,
25,pending,3,3,203,SHUTTER,COMMERCIAL,newroad,38,,,,0,,,NORTH,YES,,,,,,1R,,,,2080,,,e,50  bike/ 2 shutter,1,,,ACTIVE,2024-08-23T09:33:07.000Z,2024-08-23T09:33:07.000Z,,,,,,28.2208486,83.9869155,1,2026-03-01T20:02:50.000Z,0,
26,pending,3,3,204,LAND,TOURISM,Lakeside,38,,,,0,,,,,,,,,,,,,,,,,ee,Street 25-16 ko bichma,1,,,ACTIVE,2024-08-23T09:45:27.000Z,2024-08-23T09:45:27.000Z,,,,,,28.2210594,83.9583140,1,2026-03-01T20:02:50.000Z,0,
27,pending,3,3,205,HOUSE,SEMI_COMMERCIAL,kaukhola,38,,,,0,,,NORTH,NO,,,,,,1R,,,,2080,,,w,w,1,,,ACTIVE,2024-08-23T09:46:37.000Z,2024-08-23T09:46:37.000Z,,,,,,28.3448382,83.9716957,1,2026-03-01T20:02:50.000Z,0,
28,pending,3,3,206,HOUSE,RESIDENTIAL,Uttamchowk,38,,,,25000,,,NORTH-EAST,YES,2,1,,,,1R,,,,2080,,,xd,x,1,,,ACTIVE,2024-08-23T09:47:42.000Z,2024-08-23T09:47:42.000Z,,,,,,28.3448382,83.9716957,1,2026-03-01T20:02:50.000Z,0,
29,pending,3,3,206,HOUSE,RESIDENTIAL,Uttamchowk,38,,,,25000,,,NORTH-EAST,YES,2,1,,,,1R,,,,2080,,,xd,x,1,,,ACTIVE,2024-08-23T09:47:43.000Z,2024-08-23T09:47:43.000Z,,,,,,28.3448382,83.9716957,1,2026-03-01T20:02:50.000Z,0,
30,pending,3,3,207,HOUSE,TOURISM,Lakeside,38,,,,0,,,SOUTH,YES,1,1,,,,1R,,,,2070,,,k,m,1,,,ACTIVE,2024-08-23T09:48:45.000Z,2024-08-23T09:48:45.000Z,,,,,,28.2210594,83.9583140,1,2026-03-01T20:02:50.000Z,0,
31,pending,3,3,208,FLAT,RESIDENTIAL,Buddhachowk/,38,,,,25000,,,NORTH,YES,,,,,,1R,,,,2070,,,1,1,1,,,ACTIVE,2024-08-23T09:49:46.000Z,2024-08-23T09:49:46.000Z,,,,,,28.3448382,83.9716957,1,2026-03-01T20:02:50.000Z,0,
32,pending,3,3,210,FLAT,RESIDENTIAL,Nayagaun,38,,,,15000,,,NORTH-WEST,YES,,1,,,,1R,,,,2080,,,h,Sitaram plotting vanda mathillo plotting,1,,,ACTIVE,2024-08-23T09:51:24.000Z,2024-08-23T09:51:24.000Z,,,,,,28.1981984,83.9902476,1,2026-03-01T20:02:50.000Z,0,
33,pending,3,3,211,FLAT,COMMERCIAL,Gairapatan,38,,,,45000,,,NORTH,NO,,,,,,1R,,,,2080,,,shutter =8000,ss,1,,,ACTIVE,2024-08-23T09:52:42.000Z,2024-08-23T09:52:42.000Z,,,,,,28.2266858,83.9877313,1,2026-03-01T20:02:50.000Z,0,
34,pending,3,3,119,HOUSE,RESIDENTIAL,Nayagaun,38,,,,40000,,,NORTH-WEST,YES,,,,,,1R,,,,2069,,,w,w,1,,,ACTIVE,2024-08-23T09:53:32.000Z,2024-08-23T09:53:32.000Z,,,,,,28.1981984,83.9902476,1,2026-03-01T20:02:50.000Z,0,
35,pending,3,3,32,FLAT,RESIDENTIAL,prithivichowk/ shivalaya chowk,38,,,,15000,,,NORTH-EAST,NO,,,,,,1R,,,,2067,,,w,w,1,,,ACTIVE,2024-08-23T09:54:39.000Z,2024-08-23T09:54:39.000Z,,,,,,28.3448382,83.9716957,1,2026-03-01T20:02:50.000Z,0,
36,pending,3,3,351,HOUSE,RESIDENTIAL,Malepatan,38,,,,30000,,,SOUTH,NO,,,,,,1R,,,,2080,,,w,e,1,,,ACTIVE,2024-08-23T09:57:15.000Z,2024-08-23T09:57:15.000Z,,,,,,28.1137230,84.1100290,1,2026-03-01T20:02:50.000Z,0,
37,pending,3,3,305,HOUSE,RESIDENTIAL,Gharipatan /Akha hospital,38,,,,0,,,NORTH-WEST,NO,,,,,,1R,,,,2080,,,w,w,1,,,ACTIVE,2024-08-23T09:58:49.000Z,2024-08-23T09:58:49.000Z,,,,,,28.3448382,83.9716957,1,2026-03-01T20:02:50.000Z,0,
38,pending,3,3,48,HOUSE,RESIDENTIAL,Fulbari,38,,,,14000,,,NORTH-WEST,NO,,,,,,1R,,,,2080,,,w,w,1,,,ACTIVE,2024-08-23T10:00:20.000Z,2024-08-23T10:00:20.000Z,,,,,,28.2249372,83.9938292,1,2026-03-01T20:02:50.000Z,0,
39,pending,3,3,306,FLAT,RESIDENTIAL,Parsyang,38,,,,25000,,,NORTH-WEST,NO,,,,,,1R,,,,2075,,,s,ww,1,,,ACTIVE,2024-08-23T10:16:32.000Z,2024-08-23T10:16:32.000Z,,,,,,28.2341377,83.9728867,1,2026-03-01T20:02:50.000Z,0,
40,pending,3,3,307,HOUSE,RESIDENTIAL,Gairapatan,38,,,,55000,,,NORTH-WEST,YES,,,,,,1R,,,,2079,,,fully furnished,ss,1,,,ACTIVE,2024-08-23T10:30:06.000Z,2024-08-23T10:30:06.000Z,,,,,,28.2266858,83.9877313,1,2026-03-01T20:02:50.000Z,0,
41,pending,3,3,36,FLAT,RESIDENTIAL,JMCnajik,38,,,,45000,,,SOUTH,YES,,,,,,1R,,,,2069,,,ee,eee,1,,,ACTIVE,2024-08-23T10:31:46.000Z,2024-08-23T10:31:46.000Z,,,,,,28.3448382,83.9716957,1,2026-03-01T20:02:50.000Z,0,
42,pending,3,3,311,FLAT,RESIDENTIAL,Majheripatan,38,,,,8000,,,EAST,NO,,,,,,1R,,,,2080,,,"1 attached room =4500
2 room =8000
1 room =7000",w,1,,,ACTIVE,2024-08-23T10:33:30.000Z,2024-08-23T10:33:30.000Z,,,,,,28.1751688,84.0266271,1,2026-03-01T20:02:50.000Z,0,
43,pending,3,3,312,FLAT,RESIDENTIAL,Budibajar,38,,,,13000,,,NORTH-EAST,YES,,,,,,1R,,,,2075,,,s,s,1,,,ACTIVE,2024-08-23T10:35:41.000Z,2024-08-23T10:35:41.000Z,,,,,,28.3448382,83.9716957,1,2026-03-01T20:02:50.000Z,0,
44,pending,3,3,314,FLAT,TOURISM,Lakeside,38,,,,400000,,,NORTH,YES,,,,,,1R,,,,2075,,,hotel secret heaven,2 crore deposit,1,,,ACTIVE,2024-08-23T10:36:55.000Z,2024-08-23T10:36:55.000Z,,,,,,28.2210594,83.9583140,1,2026-03-01T20:02:50.000Z,0,
45,pending,3,3,315,SHUTTER,RESIDENTIAL,Damside,38,,,,30000,,,NORTH,NO,,,,,,1R,,,,2076,,,d,e,1,,,ACTIVE,2024-08-23T10:37:45.000Z,2024-08-23T10:37:45.000Z,,,,,,28.2030720,83.9577756,1,2026-03-01T20:02:50.000Z,0,
46,pending,3,3,316,RESTAURANT,RESIDENTIAL,Lakeside/ khapaudi,38,,,,0,,,NORTH-EAST,YES,,,,,,1R,,,,2070,,,6 ropani,dd,1,,,ACTIVE,2024-08-23T10:38:57.000Z,2024-08-23T10:38:57.000Z,,,,,,28.2378711,83.9491578,1,2026-03-01T20:02:50.000Z,0,
47,pending,3,3,317,SHUTTER,TOURISM,Newroad,38,,4,pokhara,12000,,,NORTH-WEST,YES,,,,,,1R,,,,,,,d,e,1,,,ACTIVE,2024-08-23T10:42:58.000Z,2024-09-23T09:06:33.000Z,,,,,,28.2208486,83.9869155,1,2026-03-01T20:02:50.000Z,0,
48,pending,3,3,318,SHUTTER,RESIDENTIAL,Miyapatan,38,,,,0,,,NORTH-WEST,NO,,,,,,1R,,,,2076,,,w,w,1,,,ACTIVE,2024-08-23T10:47:33.000Z,2024-08-23T10:47:33.000Z,,,,,,28.2095724,84.0106067,1,2026-03-01T20:02:50.000Z,0,
49,pending,3,3,319,SHUTTER,TOURISM,Lakeside,38,,,,0,,,SOUTH,NO,,,,,,1R,,,,2070,,,s,w,1,,,ACTIVE,2024-08-23T10:49:11.000Z,2024-08-23T10:49:11.000Z,,,,,,28.2210594,83.9583140,1,2026-03-01T20:02:50.000Z,0,
50,pending,3,3,137,SHUTTER,SEMI_COMMERCIAL,Damside,38,,,,6,,,WEST,NO,,,,,,1R,,,,2080,,,6/7/8/9/k rent heri heri xa,ss,1,,,ACTIVE,2024-08-23T10:50:31.000Z,2024-08-23T10:50:31.000Z,,,,,,28.1964143,83.9664779,1,2026-03-01T20:02:50.000Z,0,
51,pending,3,3,133,HOTEL,SEMI_COMMERCIAL,Damside,38,,,,750000,,,EAST,YES,,,,,,52R,,,,2070,,,german bakery ra dragon ko bichma,s,1,,,ACTIVE,2024-08-23T10:52:03.000Z,2024-08-23T10:52:03.000Z,,,,,,28.1964143,83.9664779,1,2026-03-01T20:02:50.000Z,0,
53,pending,3,3,323,HOUSE,RESIDENTIAL,Begnastal,38,,,,11000,,,WEST,NO,,,,,,1R,,,,2078,,,w,w,1,,,ACTIVE,2024-08-23T10:54:22.000Z,2024-08-23T10:54:22.000Z,,,,,,28.1644260,84.0890570,1,2026-03-01T20:02:50.000Z,0,
54,pending,3,3,324,HOTEL,TOURISM,lakeside sedi,38,,4,Pokhara,110000,,,WEST,YES,,,,,,1R,,,,2075,,,w,w,1,,,ACTIVE,2024-08-23T10:55:22.000Z,2024-12-15T09:08:35.000Z,,,,,,,,1,2026-03-01T20:02:50.000Z,0,
55,pending,3,3,325,HOUSE,RESIDENTIAL,kanchanmarga/kahudada,38,,,,60000,,,NORTH,YES,,,,,,1R,,,,2080,,,w,w,1,,,ACTIVE,2024-08-23T10:56:39.000Z,2024-08-23T10:56:39.000Z,,,,,,28.1116213,84.2212189,1,2026-03-01T20:02:50.000Z,0,
56,pending,3,3,326,HOUSE,SEMI_COMMERCIAL,Nayabajar,38,,,,60000,,,EAST,NO,,,,,,1R,,,,2080,,,60 k for shutter,"1 floor ko 180000
shutter 13000",1,,,ACTIVE,2024-08-23T10:58:32.000Z,2024-08-23T10:58:32.000Z,,,,,,28.2946508,83.8221216,1,2026-03-01T20:02:50.000Z,0,
57,pending,3,3,327,FLAT,COMMERCIAL,Srijana chowk,38,,,,80000,,,SOUTH,NO,,,,,,1R,,,,2069,,,s,4 room 1 kitchen,1,,,ACTIVE,2024-08-23T10:59:52.000Z,2024-08-23T10:59:52.000Z,,,,,,28.2115589,83.9810287,1,2026-03-01T20:02:50.000Z,0,
58,pending,3,3,328,OFFICE_SPACE,SEMI_COMMERCIAL,parajuli marga,38,,,,0,,,SOUTH,NO,,,,,,1R,,,,2078,,,s,s,1,,,ACTIVE,2024-08-23T11:00:36.000Z,2024-08-23T11:00:36.000Z,,,,,,28.2247846,83.9873946,1,2026-03-01T20:02:50.000Z,0,
59,pending,3,3,329,ROOM,RESIDENTIAL,chhorepatan,38,,,,16000,,,WEST,NO,,,,,,1R,,,,2069,,,s,s,1,,,ACTIVE,2024-08-23T11:01:43.000Z,2024-08-23T11:01:43.000Z,,,,,,28.1938722,83.9676765,1,2026-03-01T20:02:50.000Z,0,
60,pending,3,3,330,FLAT,RESIDENTIAL,Dhaulagiri Housing,38,,,,20000,,,EAST,NO,,,,,,1R,,,,2080,,,a,mathi ko 1.5 floor lai 30000,1,,,ACTIVE,2024-08-23T11:03:01.000Z,2024-08-23T11:03:01.000Z,,,,,,28.3448382,83.9716957,1,2026-03-01T20:02:50.000Z,0,
61,pending,3,3,124,OFFICE_SPACE,COMMERCIAL,Newroad,38,,,,30000,,,NORTH-WEST,YES,,,,,,1R,,,,2075,,,w,citizen furniture ko ghar,1,,,ACTIVE,2024-08-23T11:04:23.000Z,2024-08-23T11:04:23.000Z,,,,,,28.2208486,83.9869155,1,2026-03-01T20:02:50.000Z,0,
62,pending,3,3,332,OFFICE_SPACE,SEMI_COMMERCIAL,Nayabajar,38,,,,60000,,,NORTH,NO,,,,,,1R,,,,2070,,,"60k 
45k
20k",pk tower,1,,,ACTIVE,2024-08-23T11:05:53.000Z,2024-08-23T11:05:53.000Z,,,,,,28.2946508,83.8221216,1,2026-03-01T20:02:50.000Z,0,
63,pending,3,3,333,OFFICE_SPACE,SEMI_COMMERCIAL,Parsyang,38,,,,60000,,,SOUTH,NO,,,,,,1R,,,,2076,,,ground floor 60k first floor 30 k,"GF 2000 sq ft
1st floor 700 sq ft",1,,,ACTIVE,2024-08-23T11:20:14.000Z,2024-08-23T11:20:14.000Z,,,,,,28.2268332,83.9797692,1,2026-03-01T20:02:50.000Z,0,
64,pending,3,3,334,FLAT,COMMERCIAL,Newroad,38,224,4,Pokhara,70000,1200,SQUARE_FEET,EAST,NO,,,,,,1R,,,,2070,,,e,e,1,,,ACTIVE,2024-08-23T11:21:10.000Z,2025-08-31T09:40:02.000Z,4,,,,,28.2208486,83.9869155,1,2026-03-01T20:02:50.000Z,0,
65,pending,3,3,335,HOUSE,RESIDENTIAL,chipledhunga,38,,,,40000,,,SOUTH,NO,,,,,,1R,,,,2070,,,s,w,1,,,ACTIVE,2024-08-23T11:23:51.000Z,2024-08-23T11:23:51.000Z,,,,,,28.2239360,83.9895264,1,2026-03-01T20:02:50.000Z,0,
66,pending,3,3,336,FLAT,TOURISM,Ranipauwa,38,,,,18000,,,NORTH-EAST,NO,,,,,,2BHK,,,,2070,,,d,e,1,,,ACTIVE,2024-08-23T11:24:50.000Z,2025-01-29T08:11:59.000Z,,,,,,28.2086393,84.0006130,1,2026-03-01T20:02:50.000Z,0,
67,pending,3,3,338,SHUTTER,SEMI_COMMERCIAL,Parsyang,38,,,,10000,,,SOUTH,NO,,,,,,1R,,,,2080,,,s,s,1,,,ACTIVE,2024-08-23T11:25:51.000Z,2024-08-23T11:25:51.000Z,,,,,,28.2341377,83.9728867,1,2026-03-01T20:02:50.000Z,0,
68,pending,3,3,339,ROOM,RESIDENTIAL,Ranipauwa,38,,,pokhara,12000,,,NORTH-EAST,YES,3,,,,,1R,,,,2080,,,e,s,1,,,ACTIVE,2024-08-23T11:27:29.000Z,2024-09-22T13:20:31.000Z,,,,,,28.2086393,84.0006130,1,2026-03-01T20:02:50.000Z,0,
69,pending,3,3,340,ROOM,RESIDENTIAL,Begnas Highway Nahar Chowk,38,,,,25000,,,NORTH-EAST,NO,,,,,,1R,,,,2080,,,d,e,1,,,ACTIVE,2024-08-23T11:30:02.000Z,2024-08-23T11:30:02.000Z,,,,,,28.3448382,83.9716957,1,2026-03-01T20:02:50.000Z,0,
70,pending,3,3,342,HOUSE,SEMI_COMMERCIAL,Sabhagriha chowk,38,,,,0,,,EAST,NO,,,,,,1R,,,,2073,,,d,d,1,,,ACTIVE,2024-08-23T11:30:50.000Z,2024-08-23T11:30:50.000Z,,,,,,28.3448382,83.9716957,1,2026-03-01T20:02:50.000Z,0,
71,pending,3,3,343,FLAT,RESIDENTIAL,matepani,38,,,,20000,,,SOUTH,NO,,,,,,1R,,,,2076,,,4r,r,1,,,ACTIVE,2024-08-23T11:31:40.000Z,2024-08-23T11:31:40.000Z,,,,,,28.2154829,84.0039371,1,2026-03-01T20:02:50.000Z,0,
72,pending,3,3,344,SHUTTER,RESIDENTIAL,Newroad,38,,,,15000,,,NORTH-EAST,YES,,,,,,1R,,,,2075,,,15000/shutter,6 shutter,1,,,ACTIVE,2024-08-23T11:32:55.000Z,2024-08-23T11:32:55.000Z,,,,,,28.2208486,83.9869155,1,2026-03-01T20:02:50.000Z,0,
73,pending,3,3,345,FLAT,RESIDENTIAL,chauthe,38,,,,17000,,,NORTH-WEST,NO,,,,,,1R,,,,2078,,,e,ed,1,,,ACTIVE,2024-08-23T11:33:53.000Z,2024-08-23T11:33:53.000Z,,,,,,28.1757945,84.0314507,1,2026-03-01T20:02:50.000Z,0,
74,pending,3,3,346,SHUTTER,SEMI_COMMERCIAL,Parsyang,38,,,,10000,,,NORTH-EAST,NO,,,,,,1R,,,,2073,,,w,w,1,,,ACTIVE,2024-08-23T11:35:01.000Z,2024-08-23T11:35:01.000Z,,,,,,28.2268332,83.9797692,1,2026-03-01T20:02:50.000Z,0,
75,pending,3,3,184,HOUSE,RESIDENTIAL,Ranipauwa,38,,,,6000,,,WEST,YES,,,,,,WHOLE_HOUSE,,,,2076,,,ngo ingo lai dini /1 flat=8room matra dini,s,1,,,ACTIVE,2024-08-23T11:36:40.000Z,2024-08-23T11:36:40.000Z,,,,,,28.2086393,84.0006130,1,2026-03-01T20:02:50.000Z,0,
76,pending,3,3,347,HOUSE,COMMERCIAL,naghdhunga,38,,4,Nagdhunga,100000,,,NORTH-WEST,NO,,,,,,WHOLE_HOUSE,,,,2067,,,125000,6000 /room15 room cha,1,,,ACTIVE,2024-08-23T11:37:58.000Z,2024-09-24T12:47:30.000Z,,,,,,28.2058768,83.9828773,1,2026-03-01T20:02:50.000Z,0,
77,pending,3,3,348,HOUSE,RESIDENTIAL,kaukhola,38,,,,70000,,,WEST,NO,,,,,,1R,,,,2078,,,r,e,1,,,ACTIVE,2024-08-23T11:39:14.000Z,2024-08-23T11:39:14.000Z,,,,,,28.3448382,83.9716957,1,2026-03-01T20:02:50.000Z,0,
78,pending,3,3,349,SHUTTER,SEMI_COMMERCIAL,chapapani fulbari,38,,,,11000,,,NORTH-EAST,NO,,,,,,1R,,,,2080,,,33000,3 shutte3r,1,,,ACTIVE,2024-08-23T11:40:39.000Z,2024-08-23T11:40:39.000Z,,,,,,28.3448382,83.9716957,1,2026-03-01T20:02:50.000Z,0,
79,pending,3,3,60,OFFICE_SPACE,SEMI_COMMERCIAL,Rambajar,38,,,,30000,,,NORTH-EAST,NO,,,,,,1R,,,,2073,,,w,w,1,,,ACTIVE,2024-08-23T11:42:27.000Z,2024-08-23T11:42:27.000Z,,,,,,28.1980250,83.9948795,1,2026-03-01T20:02:50.000Z,0,
80,pending,3,3,108,HOUSE,COMMERCIAL,Birauta 17 pokhara,38,,,,80000,,,WEST,NO,,,,,,1R,,,,2078,,,r,r,1,,,ACTIVE,2024-08-23T11:43:19.000Z,2024-08-23T11:43:19.000Z,,,,,,28.1922427,83.9715224,1,2026-03-01T20:02:50.000Z,0,
81,pending,3,3,420,ROOM,RESIDENTIAL,Chhorepatan Thakuri samaj/Chowk no 7,38,,,,7000,,,WEST,YES,,,,,,1R,,,,2067,,,2 rooms,"ground floor 
2 girls/small family",1,,,ACTIVE,2024-08-26T06:56:37.000Z,2024-08-26T06:56:37.000Z,,,,,,28.3448382,83.9716957,1,2026-03-01T20:02:50.000Z,0,
82,pending,3,3,44,ROOM,RESIDENTIAL,fulbari/pinacal school side,38,,,,11000,,,NORTH-EAST,YES,,,,,,1R,,,,2070,,,w,w,1,,,ACTIVE,2024-08-27T07:41:52.000Z,2024-08-27T07:41:52.000Z,,,,,,28.3448382,83.9716957,1,2026-03-01T20:02:50.000Z,0,
83,pending,3,3,473,OFFICE_SPACE,COMMERCIAL,Hemja,38,,,,22000,,,SOUTH,YES,,,,,,1R,,,,2070,,,Official use,d,1,,,ACTIVE,2024-09-01T12:29:10.000Z,2024-09-01T12:29:10.000Z,,,,,,28.2719421,83.9471396,1,2026-03-01T20:02:50.000Z,0,
84,pending,3,3,478,LAND,SEMI_COMMERCIAL,birauta,38,,,,30000,3,ROPANI,,,,,,,,,,,,,,,w,w,1,,,ACTIVE,2024-09-01T12:30:10.000Z,2024-09-01T12:30:10.000Z,,,,,,28.1920758,83.9707535,1,2026-03-01T20:02:50.000Z,0,
85,pending,3,3,477,FLAT,RESIDENTIAL,Ranipauwa,38,,,,18000,,,WEST,YES,,,,,,1R,,,,2080,,,w,w,1,,,ACTIVE,2024-09-01T12:31:11.000Z,2024-09-01T12:31:11.000Z,,,,,,28.2086393,84.0006130,1,2026-03-01T20:02:50.000Z,0,
86,pending,3,3,476,LAND,RESIDENTIAL,Milan Tole,38,,,,25000,2,ROPANI,,,,,,,,,,,,,,,s,s,1,,,ACTIVE,2024-09-01T12:32:02.000Z,2024-09-01T12:32:02.000Z,,,,,,28.1979106,83.9915277,1,2026-03-01T20:02:50.000Z,0,
87,pending,3,3,489,FLAT,RESIDENTIAL,chauthe,38,,,,12000,,,NORTH,YES,,,,,,1R,,,,2079,,,w,w,1,,,ACTIVE,2024-09-01T13:27:42.000Z,2024-09-01T13:27:42.000Z,,,,,,28.1757945,84.0314507,1,2026-03-01T20:02:50.000Z,0,
88,pending,3,3,511,ROOM,SEMI_COMMERCIAL,Damside,38,,,,55000,,,WEST,NO,,,,,,1R,,,,2070,,,Official use or Godam,a,1,,,ACTIVE,2024-09-04T10:38:15.000Z,2024-09-04T10:38:15.000Z,,,,,,28.1964143,83.9664779,1,2026-03-01T20:02:50.000Z,0,
89,pending,3,3,109,FLAT,RESIDENTIAL,hospital chowk,38,,,,20000,,,WEST,YES,,,,,,1R,,,,2078,,,s,s,1,,,ACTIVE,2024-09-09T07:43:34.000Z,2024-09-09T07:43:34.000Z,,,,,,28.2125789,83.9993735,1,2026-03-01T20:02:50.000Z,0,
90,pending,3,3,537,FLAT,RESIDENTIAL,Mahatgauda,38,,,,13000,,,,YES,,,,,,1R,,,,,,,d,Hot water/Solar,1,,,ACTIVE,2024-09-11T09:10:03.000Z,2024-09-11T09:10:03.000Z,,,,,,28.1780096,83.9902203,1,2026-03-01T20:02:50.000Z,0,
91,pending,3,3,544,LAND,RESIDENTIAL,Lakeside,38,,,,20000,,,,,,,,,,,,,,,,,s,s,1,,,ACTIVE,2024-09-11T13:01:32.000Z,2024-09-11T13:01:32.000Z,,,,,,28.2210594,83.9583140,1,2026-03-01T20:02:50.000Z,0,
92,pending,3,3,546,FLAT,TOURISM,Bhadrakali,38,,,,16000,,,,YES,,,,,,2BHK,,,,,,,open space,Ground floor,1,,,ACTIVE,2024-09-12T09:04:19.000Z,2024-09-12T09:04:40.000Z,,,,,,28.2112446,84.0080266,1,2026-03-01T20:02:50.000Z,0,
93,pending,3,3,546,ROOM,RESIDENTIAL,Bhadrakali,38,,,,8000,,,,YES,,,,,,1R,,,,,,,Saleways ko opposite,Mobile pasal ko najik,1,,,ACTIVE,2024-09-12T09:06:01.000Z,2024-09-12T09:06:01.000Z,,,,,,28.2112446,84.0080266,1,2026-03-01T20:02:50.000Z,0,
94,pending,3,3,300,FLAT,RESIDENTIAL,Parsyang,38,,4,Pokhara,16000,,,,YES,,,,,,1R,,,,,,,Normal kitchen,Ground floor,1,,,ACTIVE,2024-09-16T12:46:32.000Z,2024-09-16T12:46:32.000Z,,,,,,28.2341377,83.9728867,1,2026-03-01T20:02:50.000Z,0,
95,pending,3,3,33,FLAT,RESIDENTIAL,Bajhapatan,38,,4,Pokhara,13000,,,,YES,,,,,,1R,,,,,,,s,s,1,,,ACTIVE,2024-09-16T12:47:10.000Z,2024-09-16T12:47:10.000Z,,,,,,,,1,2026-03-01T20:02:50.000Z,0,
96,pending,3,3,581,LAND,COMMERCIAL,chipledhunga,38,,4,Pokhara,400000,,,,,,,,,,,,,,,,,small road,s,1,,,ACTIVE,2024-09-18T13:19:24.000Z,2024-09-18T13:19:24.000Z,,,,,,28.2239360,83.9895264,1,2026-03-01T20:02:50.000Z,0,
97,pending,3,3,591,FLAT,RESIDENTIAL,Hemja,38,,4,Pokhara,16000,,,,YES,,,,,,1R,,,,,,,2 flat,officeuse ok,1,,,ACTIVE,2024-09-20T10:15:27.000Z,2024-09-20T10:15:27.000Z,,,,,,28.2719421,83.9471396,1,2026-03-01T20:02:50.000Z,0,
98,pending,3,3,590,FLAT,RESIDENTIAL,Fulbari,38,,4,Pokhara,25000,,,,YES,,,,,,1R,,,,,,,s,s,1,,,ACTIVE,2024-09-20T10:16:02.000Z,2024-09-20T10:16:02.000Z,,,,,,28.2249372,83.9938292,1,2026-03-01T20:02:50.000Z,0,
99,pending,3,3,589,FLAT,RESIDENTIAL,Bijayapur,38,,4,Lekhnath,16500,,,,YES,,,,,,1R,,,,,,,d,s,1,,,ACTIVE,2024-09-20T10:16:43.000Z,2024-09-20T10:16:43.000Z,,,,,,28.2339158,84.0518719,1,2026-03-01T20:02:50.000Z,0,
100,pending,3,3,604,FLAT,RESIDENTIAL,Pokhara Grande,38,,4,pokhara,18000,,,,YES,,,,,,1R,,,,,,,1 floor,x,1,,,ACTIVE,2024-09-22T13:25:38.000Z,2024-09-22T13:25:38.000Z,,,,,,28.1917658,83.9746312,1,2026-03-01T20:02:50.000Z,0,
101,pending,3,3,193,FLAT,RESIDENTIAL,Mustang Chowk,38,,4,pokhara,25000,,,,YES,,,,,,1R,,,,,,,s,s,1,,,ACTIVE,2024-09-22T13:26:17.000Z,2024-09-22T13:26:17.000Z,,,,,,28.2087872,83.9840501,1,2026-03-01T20:02:50.000Z,0,
102,pending,3,3,524,FLAT,RESIDENTIAL,chindanda,38,,4,pokhara,12000,,,,YES,,,,,,1R,,,,,,,z,s,1,,,ACTIVE,2024-09-22T13:26:51.000Z,2024-09-22T13:26:51.000Z,,,,,,,,1,2026-03-01T20:02:50.000Z,0,
103,pending,3,3,602,FLAT,TOURISM,Lakeside,38,,4,pokhara,40000,,,,YES,,,,,,1R,,,,,,,as,w,1,,,ACTIVE,2024-09-22T13:27:57.000Z,2024-09-22T13:27:57.000Z,,,,,,28.2210594,83.9583140,1,2026-03-01T20:02:50.000Z,0,
104,pending,3,3,602,FLAT,COMMERCIAL,Birauta,38,,4,pokhara,10000,,,,YES,,,,,,1R,,,,,,,s,s,1,,,ACTIVE,2024-09-22T13:28:40.000Z,2024-09-22T13:28:40.000Z,,,,,,28.1920758,83.9707535,1,2026-03-01T20:02:50.000Z,0,
105,pending,3,3,601,SHUTTER,SEMI_COMMERCIAL,Milan Tole,38,,4,pokhara,35000,,,,YES,,,,,,1R,,,,,,,s,s,1,,,ACTIVE,2024-09-22T13:29:55.000Z,2024-09-22T13:29:55.000Z,,,,,,28.1979106,83.9915277,1,2026-03-01T20:02:50.000Z,0,
106,pending,3,3,615,ROOM,RESIDENTIAL,chipledhunga,38,,4,pokhara,6000,,,,NO,,,,,,1R,,,,,,,r,r,1,,,ACTIVE,2024-09-23T09:04:07.000Z,2024-09-23T09:04:07.000Z,,,,,,28.2239360,83.9895264,1,2026-03-01T20:02:50.000Z,0,
107,pending,3,3,614,OFFICE_SPACE,COMMERCIAL,Mahendrapul,38,,4,pokhara,100000,,,,YES,,,,,,1R,,,,,,,s,w,1,,,ACTIVE,2024-09-23T09:05:04.000Z,2024-09-23T09:05:04.000Z,,,,,,28.2278910,83.9908231,1,2026-03-01T20:02:50.000Z,0,
108,pending,3,3,613,FLAT,RESIDENTIAL,Laligurash tole,38,,4,pokhara,16000,,,,NO,,,,,,1R,,,,,,,s,s,1,,,ACTIVE,2024-09-24T12:43:00.000Z,2024-09-24T12:43:00.000Z,,,,,,,,1,2026-03-01T20:02:50.000Z,0,
109,pending,3,3,42,FLAT,RESIDENTIAL,Buddhachowk,38,,4,pokhara,25000,,,,NO,,,,,,1R,,,,,,,s,s,1,,,ACTIVE,2024-09-24T12:45:47.000Z,2024-09-24T12:45:47.000Z,,,,,,,,1,2026-03-01T20:02:50.000Z,0,
110,pending,3,3,655,HOUSE,COMMERCIAL,naghdhunga,38,,4,pokhara,75000,,,,NO,,,,,,1R,,,,,,,Official use,"shutter=40k
FLOOR=35K",1,,,ACTIVE,2024-09-26T12:19:13.000Z,2024-09-26T12:19:13.000Z,,,,,,,,1,2026-03-01T20:02:50.000Z,0,
111,pending,3,3,654,HOUSE,COMMERCIAL,Nayabajar,38,,4,pokhara,100000,,,,NO,,,,,,1R,,,,,,,2,W,1,,,ACTIVE,2024-09-26T12:19:47.000Z,2024-09-26T12:19:47.000Z,,,,,,28.2946508,83.8221216,1,2026-03-01T20:02:50.000Z,0,
112,pending,3,3,653,HOUSE,COMMERCIAL,Nayabajar,38,,4,pokhara,120000,,,,NO,,,,,,1R,,,,,,,"3 SHUTTER
mATHI 5 ROOM",W,1,,,ACTIVE,2024-09-26T12:21:04.000Z,2024-09-26T12:21:04.000Z,,,,,,28.2946508,83.8221216,1,2026-03-01T20:02:50.000Z,0,
113,pending,3,3,652,LAND,COMMERCIAL,syanipatan,38,,4,pokhara,0,,,,,,,,,,,,,,,,,s,s,1,,,ACTIVE,2024-09-26T12:21:52.000Z,2024-09-26T12:21:52.000Z,,,,,,28.1864264,83.9978207,1,2026-03-01T20:02:50.000Z,0,
114,pending,3,3,693,ROOM,RESIDENTIAL,Dhikalthar,38,,4,pokhara,9000,,,,YES,,,,,,1R,,,,,,,s,s,1,,,ACTIVE,2024-10-02T13:01:35.000Z,2024-10-02T13:01:35.000Z,,,,,,,,1,2026-03-01T20:02:50.000Z,0,
115,pending,3,3,705,LAND,AGRICULTURE,Syanipatan,38,,4,Pokhara,0,10,ROPANI,,,,,,,,,,,,,,,all,sd,1,,,ACTIVE,2024-10-04T13:14:37.000Z,2024-10-04T13:14:37.000Z,,,,,,28.1864264,83.9978207,1,2026-03-01T20:02:50.000Z,0,
116,pending,3,3,748,FLAT,RESIDENTIAL,Nayagaun,38,,4,Pokhara,13000,,,,YES,,,,,,1R,,,,,,,s,s,1,,,ACTIVE,2024-10-17T11:50:16.000Z,2024-10-17T11:50:16.000Z,,,,,,28.1981984,83.9902476,1,2026-03-01T20:02:50.000Z,0,
117,pending,3,3,763,ROOM,TOURISM,Fulbari,38,,4,Pokhara,5000,,,,NO,,,,,,1R,,,,,,,s,s,1,,,ACTIVE,2024-10-22T09:19:51.000Z,2025-01-03T08:22:18.000Z,,,,,,28.2249372,83.9938292,1,2026-03-01T20:02:50.000Z,0,
118,pending,3,3,775,SHUTTER,COMMERCIAL,Ranipauwa,38,,4,Pokhara,20000,,,,YES,,,,,,1R,,,,,,,store/godam,Chapapani chowk,1,,,ACTIVE,2024-10-24T10:46:33.000Z,2024-10-24T10:46:33.000Z,,,,,,28.2086393,84.0006130,1,2026-03-01T20:02:50.000Z,0,
119,pending,3,3,774,OFFICE_SPACE,COMMERCIAL,chipledhunga,38,,4,Pokhara,30000,,,,NO,,,,,,1R,,,,,,,oFFICE/gODAM/sTORE,//,1,,,ACTIVE,2024-10-24T10:47:35.000Z,2024-10-24T10:47:35.000Z,,,,,,28.2239360,83.9895264,1,2026-03-01T20:02:50.000Z,0,
120,pending,3,3,284,FLAT,RESIDENTIAL,Bajhapatan,38,224,4,Pokhara,20000,,,,YES,,,,,,1R,,,,,,,sd,s,1,,,ACTIVE,2024-11-21T07:50:52.000Z,2024-11-21T07:50:52.000Z,13,,,,,,,1,2026-03-01T20:02:50.000Z,0,
121,pending,3,3,939,FLAT,SEMI_COMMERCIAL,Nadipur,38,224,4,Pokhara,20000,,,,NO,,,,,,1R,,,,,,,Best Suited for  Office or Room,Near Min mart. Open system Flat .,1,,,ACTIVE,2024-12-13T10:37:11.000Z,2024-12-13T10:37:11.000Z,3,,,,,28.2307480,83.9911644,1,2026-03-01T20:02:50.000Z,0,
122,pending,3,3,954,HOUSE,SEMI_COMMERCIAL,Nayabajar,38,224,4,Pokhara,20000,,,,YES,,,1,,3,,,,,,,,Office / Residential,"Flat vayepani dine / 
Whole House ( Best Option )",1,,,ACTIVE,2024-12-16T11:26:43.000Z,2024-12-16T11:26:43.000Z,9,,,,,,,1,2026-03-01T20:02:50.000Z,0,
123,pending,3,3,941,FLAT,RESIDENTIAL,Chipledhunga,38,224,4,Pokhara,35000,,,,NO,,,,,,1R,,,,,,,.,.,1,,,ACTIVE,2024-12-16T11:29:09.000Z,2024-12-16T11:29:09.000Z,9,,,,,28.2239360,83.9895264,1,2026-03-01T20:02:50.000Z,0,
124,pending,3,3,961,SHUTTER,COMMERCIAL,Chauthe,38,224,4,Pokhara,75000,4500,SQUARE_FEET,,NO,,,,,,1R,,,,,,BLACK-TOPPED,Highway,Subha ko ghar najik,1,,,ACTIVE,2024-12-17T11:48:57.000Z,2025-03-17T07:20:47.000Z,14,,4 shutter 75000 rent,,,28.1757945,84.0314507,1,2026-03-01T20:02:50.000Z,0,
125,pending,3,3,963,SHUTTER,COMMERCIAL,Fulbari,38,224,4,Pokhara,11000,,,,NO,,,,,,1R,,,,,,,x,fulbari  Pharmacy,1,,,ACTIVE,2024-12-17T11:53:05.000Z,2024-12-17T11:53:05.000Z,12,,,,,28.2249372,83.9938292,1,2026-03-01T20:02:50.000Z,0,
126,pending,3,3,985,LAND,RESIDENTIAL,Budibajar,38,224,4,Pokhara,15000,0-6-3-0,ROPANI,,,,,,,,,,,,,,,Rent or Sale Both 22/45 . 10 lakhs per haat,-,1,,,ACTIVE,2024-12-22T12:16:49.000Z,2024-12-22T12:16:49.000Z,26,,,,,,,1,2026-03-01T20:02:50.000Z,0,
127,pending,3,3,1026,SHUTTER,RESIDENTIAL,Gairapatan,38,224,4,Pokhara,15000,,,,YES,,,,,,1R,,,,,,,shutter,Gairapatan / Chipledhunga,1,,,ACTIVE,2024-12-29T07:23:17.000Z,2024-12-29T07:23:17.000Z,17,,,,,28.2266858,83.9877313,1,2026-03-01T20:02:50.000Z,0,
128,pending,3,3,1025,FLAT,RESIDENTIAL,Rastra Bank Marga,38,224,4,Pokhara,0,,,,YES,,,,,,1R,,,,,,,z,Office Use / 2 Flat,1,,,ACTIVE,2024-12-29T07:25:46.000Z,2024-12-29T07:25:46.000Z,17,,,,,,,1,2026-03-01T20:02:50.000Z,0,
129,pending,3,3,1037,SHUTTER,TOURISM,Fulbari,38,224,4,Pokhara,28000,1030,SQUARE_FEET,,YES,,,,,,1R,,,,,,,x,"Mahakaleshwor Marga, 1 Month Rent",1,,,ACTIVE,2024-12-31T07:42:27.000Z,2024-12-31T11:13:48.000Z,11,,x,,,28.2249372,83.9938292,1,2026-03-01T20:02:50.000Z,0,
130,pending,3,3,1049,FLAT,COMMERCIAL,Baglung Bus Park,38,224,4,Pokhara,60000,17/40,HAAT,,YES,,,2,2,9,WHOLE_HOUSE,,,,,,,Hostel or Lodge or Business,Trust ko 12/20 ko kotha,1,,,ACTIVE,2025-01-01T12:40:55.000Z,2025-01-01T12:40:55.000Z,2,,Garden,,,28.2319643,83.9829631,1,2026-03-01T20:02:50.000Z,0,
131,pending,3,3,1051,HOUSE,RESIDENTIAL,Gharipatan,38,224,4,Pokhara,11000,,,,YES,,,,,,1R,,,,,,,x,"3 Dhalan Kotha ,1 Room for kids , Airport paxadi, Street number 13",1,,,ACTIVE,2025-01-02T11:12:32.000Z,2025-01-02T11:12:32.000Z,4,,Kid's room - 3500/-,,,28.1921905,83.9770709,1,2026-03-01T20:02:50.000Z,0,
132,pending,3,3,1079,OFFICE_SPACE,TOURISM,Nayabajar,38,224,4,Pokhara,60000,2000,SQUARE_FEET,,YES,,,,,,1R,,,,,,,Office Space,Honda Showroom ko agadi / Magh ma khali / open space,1,,,ACTIVE,2025-01-07T07:25:27.000Z,2025-08-18T13:20:02.000Z,9,,x,,,,,1,2026-03-01T20:02:50.000Z,0,
133,pending,3,3,1093,FLAT,RESIDENTIAL,New Road,38,224,4,Pokhara,50000,,,,YES,,,,,,1R,,,,,,,Office Space / 2nd floor,Newroad Nursing Home / Gautam Machinery bata chirne,1,,,ACTIVE,2025-01-09T07:15:42.000Z,2025-01-09T07:15:42.000Z,4,,Office ko lai matra dine,,,28.2169523,83.9862275,1,2026-03-01T20:02:50.000Z,0,
134,pending,3,3,1094,HOUSE,COMMERCIAL,Gandaki hospital chowk,38,224,4,Pokhara,0,1,ROPANI,,YES,,,,,,1R,,,,,,,x,20 Rooms . 9 Toilet Bathroom,1,,,ACTIVE,2025-01-09T07:20:35.000Z,2025-01-09T07:20:35.000Z,10,,x,,,28.1983349,83.9731872,1,2026-03-01T20:02:50.000Z,0,
135,pending,3,3,1106,HOUSE,RESIDENTIAL,Majheripatan,38,224,4,Pokhara,17000,,,,YES,,,,,,2BHK,,,,,,,X,New House,1,,,ACTIVE,2025-01-12T12:38:46.000Z,2025-01-12T12:38:46.000Z,14,,Attached Room,,,28.1751688,84.0266271,1,2026-03-01T20:02:50.000Z,0,
136,pending,3,3,42,OFFICE_SPACE,TOURISM,Newroad,38,224,4,Pokhara,0,530,SQUARE_FEET,,NO,,,,,,1R,,,,,,,Commercial Purpose,Lumbini bikash bank ko mathi/Ratna Emporium ko,1,,,ACTIVE,2025-01-19T06:44:30.000Z,2025-01-19T06:45:03.000Z,4,,2nd floor,,,28.2208486,83.9869155,1,2026-03-01T20:02:50.000Z,0,
137,pending,3,3,1118,OFFICE_SPACE,COMMERCIAL,Buddhachowk,38,224,4,Pokhara,40000,,,,YES,,,,,,1R,,,,,,,2 Hall,Social public school agadi,1,,,ACTIVE,2025-01-19T06:53:55.000Z,2025-01-19T06:53:55.000Z,10,,,,,,,1,2026-03-01T20:02:50.000Z,0,
138,pending,3,3,1131,ROOM,TOURISM,Chapapani,38,224,4,Pokhara,3500,,,,YES,,,,,,1R,,,,,,,x,x,1,,,ACTIVE,2025-01-20T07:54:46.000Z,2025-03-17T07:21:23.000Z,11,,"Tin ko kotha 4 ota , 3500 each",,,28.2185081,84.0000363,1,2026-03-01T20:02:50.000Z,0,
139,pending,3,3,1148,FLAT,TOURISM,Bhadrakali,38,224,4,Pokhara,18000,,,,YES,,,,,,1R,,,,,,,x,"Bhadrakali School Tala , Kumari Bank ko Opposite bata bhitra",1,,,ACTIVE,2025-01-24T09:13:03.000Z,2025-01-26T08:27:18.000Z,13,"<iframe src=""https://www.google.com/maps/embed?pb=!1m17!1m12!1m3!1d297.7503497354204!2d84.01552679113311!3d28.216787576544153!2m3!1f0!2f0!3f0!3m2!1i1024!2i768!4f13.1!3m2!1m1!2zMjjCsDEyJzYwLjAiTiA4NMKwMDAnNTYuNiJF!5e1!3m2!1sen!2snp!4v1737876397814!5m2!1sen!2snp"" width=""600"" height=""450"" style=""border:0;"" allowfullscreen="""" loading=""lazy"" referrerpolicy=""no-referrer-when-downgrade""></iframe>",,https://maps.app.goo.gl/qS9Xex3tHrQ7WmcUA,,28.2121357,84.0070109,1,2026-03-01T20:02:50.000Z,0,
140,pending,3,3,1186,FLAT,RESIDENTIAL,Kamalpokhari,38,224,4,Pokhara,14000,,,,YES,1,,,,,1BHK,,,,,,,x,x,1,,,ACTIVE,2025-01-31T07:42:36.000Z,2025-01-31T07:42:36.000Z,13,,x,,,28.2154704,84.0126946,1,2026-03-01T20:02:50.000Z,0,
141,pending,3,3,42,LAND,RESIDENTIAL,Damside,38,224,4,Pokhara,0,25/50,HAAT,,,,,,,,,,,,,,,x,x,1,,,ACTIVE,2025-02-02T09:00:10.000Z,2025-02-02T09:00:10.000Z,17,,,,,28.2030720,83.9577756,1,2026-03-01T20:02:50.000Z,0,
142,pending,3,3,1212,FLAT,RESIDENTIAL,Fulbari,38,224,4,Pokhara,14000,,,,YES,,,,,,2BHK,,,,,,,x,"1st floor on rent , Falgun 7 ma khali hune",1,,,ACTIVE,2025-02-05T09:22:16.000Z,2025-02-05T09:22:16.000Z,11,,Attached Bathroom,,,28.2249372,83.9938292,1,2026-03-01T20:02:50.000Z,0,
143,pending,3,3,42,HOUSE,RESIDENTIAL,Damside,38,224,4,Pokhara,60000,,,,YES,,,,,,1R,,,,,,,x,2.5 Floor / Kalu Gurung Housing,1,,,ACTIVE,2025-02-05T09:27:00.000Z,2025-02-05T09:27:00.000Z,17,,,,,28.2030720,83.9577756,1,2026-03-01T20:02:50.000Z,0,
144,pending,3,3,1240,OFFICE_SPACE,TOURISM,Buddhachowk,38,224,4,Pokhara,20000,375,SQUARE_FEET,,YES,,,,,,1R,,,,,,,best fr beauty parlour,Aayurbedhik lai nadiney,1,,,ACTIVE,2025-02-11T11:14:30.000Z,2025-07-01T12:47:52.000Z,10,,,,,,,1,2026-03-01T20:02:50.000Z,0,
145,pending,3,3,1241,HOUSE,RESIDENTIAL,Parsyang,38,224,4,Pokhara,0,,,,YES,,,,,,1R,,,,,,,d,c,1,,,ACTIVE,2025-02-11T11:19:01.000Z,2025-02-11T11:19:01.000Z,5,,Gharbeti nabasne,,,28.2285800,83.9771410,1,2026-03-01T20:02:50.000Z,0,
146,pending,3,3,1275,FLAT,RESIDENTIAL,Chauthe,38,224,4,Pokhara,15000,,,,YES,,,,,,1BHK,,,,,,,d,Om shanti marga /Bhotechautara bata 5 min,1,,,ACTIVE,2025-02-27T08:31:04.000Z,2025-02-27T08:31:04.000Z,14,,s,,,28.1757945,84.0314507,1,2026-03-01T20:02:50.000Z,0,
147,pending,3,3,1276,HOUSE,RESIDENTIAL,Matepani,38,224,4,Pokhara,30000,,,,YES,,,,,,1R,,,,,,,S,S,1,,,COMPLETE,2025-02-27T08:32:38.000Z,2025-04-01T11:27:43.000Z,12,"<iframe src=""https://www.google.com/maps/embed?pb=!1m17!1m12!1m3!1d2778.794072544834!2d84.002937!3d28.212225!2m3!1f0!2f0!3f0!3m2!1i1024!2i768!4f13.1!3m2!1m1!2zMjjCsDEyJzQ0LjAiTiA4NMKwMDAnMTAuNiJF!5e1!3m2!1sen!2snp!4v1740641541591!5m2!1sen!2snp"" width=""600"" height=""450"" style=""border:0;"" allowfullscreen="""" loading=""lazy"" referrerpolicy=""no-referrer-when-downgrade""></iframe>",D,https://maps.app.goo.gl/XqmJhXZ4CWe2GWER6,,28.2154829,84.0039371,1,2026-03-01T20:02:50.000Z,0,
148,pending,3,3,1328,HOTEL,TOURISM,Lakeside,38,224,4,Pokhara,400000,,,,YES,,,,,,1R,,,,,5,,zs,Advance 7000000 with agreement period 5-7 years,1,,,ACTIVE,2025-03-17T07:23:47.000Z,2025-03-17T07:23:47.000Z,6,,,,,28.2210594,83.9583140,1,2026-03-01T20:02:50.000Z,0,
149,pending,3,3,1341,HOUSE,COMMERCIAL,Newroad,38,224,4,pokhara,120000,3700,SQUARE_FEET,,YES,,,,,,1R,,,,,,,s,s,1,,,ACTIVE,2025-03-18T11:30:24.000Z,2025-03-18T11:30:24.000Z,4,,s,,,28.2208486,83.9869155,1,2026-03-01T20:02:50.000Z,0,
150,pending,3,3,1354,OFFICE_SPACE,COMMERCIAL,Newroad,38,224,4,Pokhara,60000,,,,YES,,,,,,1R,,,,,,,OFFICE USE,d,1,,,ACTIVE,2025-03-24T06:47:17.000Z,2025-03-24T06:47:17.000Z,4,,Namaste dental vanda 2 ghar tala / tv dokan vayeako ghar,,,28.2208486,83.9869155,1,2026-03-01T20:02:50.000Z,0,
151,pending,3,3,1380,LAND,SEMI_COMMERCIAL,Damside,38,224,4,Pokhara,35000,,,,,,,,,,,,,14,,,CONCRETE,w,3,1,,,ACTIVE,2025-04-02T13:06:07.000Z,2025-04-02T13:06:07.000Z,17,,,,,28.2030720,83.9577756,1,2026-03-01T20:02:50.000Z,0,
152,pending,3,3,1423,SHUTTER,COMMERCIAL,Khasibajar,38,224,4,Pokhara,25000,,,,YES,,,,,,1R,,,,,,,Commercial,950 sq ft,1,,,ACTIVE,2025-04-20T08:24:47.000Z,2025-04-20T08:24:47.000Z,14,,ws,,,,,1,2026-03-01T20:02:50.000Z,0,
153,pending,3,3,1433,LAND,RESIDENTIAL,Ranipauwa,38,224,4,Pokhara,18000,,,,,,,,,,,,,,,,,Toda mart vitra 12 number street,Wifi and water free/Electricity meter,1,,,ACTIVE,2025-04-22T10:16:11.000Z,2025-04-22T10:16:11.000Z,11,,,,,28.2086393,84.0006130,1,2026-03-01T20:02:50.000Z,0,
154,pending,3,3,1576,HOUSE,TOURISM,Rambajar,38,224,4,Pokhara,70000,20/80,HAAT,,YES,,,,,,1R,,,,,,,h,l,1,,,ACTIVE,2025-06-08T09:13:52.000Z,2025-06-30T10:21:07.000Z,10,,,,,28.1980250,83.9948795,1,2026-03-01T20:02:50.000Z,0,
155,pending,3,3,1613,SHUTTER,COMMERCIAL,Birauta,38,224,4,Pokhara,65000,,,EAST,YES,,,,,,1R,,,40,,,,Official use,NIMB Bank ko opposite,1,,,ACTIVE,2025-06-24T09:30:04.000Z,2025-06-24T09:30:04.000Z,17,,,,,28.1922282,83.9715155,1,2026-03-01T20:02:50.000Z,0,
156,pending,3,3,1614,FLAT,RESIDENTIAL,Palikhe Chowk,38,224,4,Pokhara,16000,,,,YES,,,,,,3R,,,,,,,Residential Purpose,s,1,,,ACTIVE,2025-06-24T09:37:10.000Z,2025-06-24T09:37:10.000Z,3,,1 Kitchen + 2 room = 3 room,,,,,1,2026-03-01T20:02:50.000Z,0,
157,pending,3,3,1696,HOUSE,RESIDENTIAL,Matepani,38,224,4,Pokhara,45000,,,,YES,,,,,,1R,,,,,,,a,s,1,,,ACTIVE,2025-08-03T10:35:27.000Z,2025-08-03T10:35:27.000Z,12,,Car parking,,,28.2154829,84.0039371,1,2026-03-01T20:02:50.000Z,0,
158,pending,3,3,175,HOUSE,TOURISM,pokhara-12 chapapani,38,224,4,pokhara,73,,HAAT,SOUTH,YES,,,,,,6BHK,,,20,2082,,BLACK-TOPPED,both residantal  and commercial,residental and commercial mixed use property in good conditaion.,1,,,ACTIVE,2025-12-29T05:27:40.000Z,2025-12-29T05:51:32.000Z,12,,,,,,,1,2026-03-01T20:02:50.000Z,0,
159,pending,3,3,175,HOUSE,RESIDENTIAL,pokhara-12 chapapani,38,224,4,pokhara,25,20/58,HAAT,SOUTH,YES,,,1,1,2,2BHK,,,20,2082,,BLACK-TOPPED,for residental purpose,"well maintain rcc building with  road access ,parking  facility, suitable for residebtal and commercial rental",1,,,ACTIVE,2025-12-29T05:48:46.000Z,2025-12-29T05:48:46.000Z,12,,,,,,,1,2026-03-01T20:02:50.000Z,0,
160,pending,3,3,1851,ROOM,RESIDENTIAL,fulbari 11,38,224,4,pokhara,7500,,,,YES,,,,,,1R,,,,,,,student,"well maintained property located at pokhara-11,fulbari (pahelo pool area) peaceful residential area with easy road access.",1,,,ACTIVE,2026-01-06T11:10:12.000Z,2026-01-06T11:10:12.000Z,11,,,,,28.2301882,83.9993632,1,2026-03-01T20:02:50.000Z,0,
161,pending,3,3,1852,FLAT,RESIDENTIAL,fulbari  bhaskar school najikai,38,224,4,pokhara,15000,,,,YES,,,,,,3R,,,,,,,family,peaceful area,1,,,ACTIVE,2026-01-06T11:18:41.000Z,2026-01-06T11:18:41.000Z,11,,,,,,,1,2026-03-01T20:02:50.000Z,0,
162,pending,3,3,1998,FLAT,RESIDENTIAL,ranipauwa,38,224,4,pokhara,25000,,,,YES,,,,,,1R,,,,,,,residential,ranipauwa,1,,,ACTIVE,2026-02-24T05:23:11.000Z,2026-02-24T05:23:11.000Z,11,,,,,28.2086393,84.0006130,1,2026-03-01T20:02:50.000Z,0,
163,pending,3,3,1999,LAND,TOURISM,Rastrabank chowk,38,224,4,pokhara,40000,,,,YES,,,,,,,,,,,,,agriculture,rastrabank c howk,1,,,ACTIVE,2026-02-24T05:34:14.000Z,2026-03-06T07:55:01.000Z,17,,,,,,,1,2026-03-06T11:30:12.000Z,0,
164,pending,3,3,349,ROOM,RESIDENTIAL,chapapani,38,224,4,pokhara,17000,,,,YES,,,1,1,1,1R,,,,,,BLACK-TOPPED,residential,chapapani,1,,,ACTIVE,2026-03-06T04:46:24.000Z,2026-03-06T04:46:24.000Z,12,,,,,,,1,2026-03-06T06:30:20.000Z,0,
165,pending,3,3,2014,ROOM,RESIDENTIAL,fulbari,38,224,4,pokhara,12000,,,,YES,,,1,1,1,1R,,,,,,,residential,fulbari ctevt area,1,,,ACTIVE,2026-03-06T05:02:05.000Z,2026-03-06T05:02:05.000Z,11,,,,,,,1,2026-03-06T06:30:21.000Z,0,
