id,verification_status,owner_id,created_by,customer_id,property_type,category,property_area,area_unit,seeking_address,district_id,municipal_id,province_id,city,layout,rent_amount,stay_period,service_amount,service_charge,family_member_adult,family_member_children,compound,furnished,commode_compulsory,parking_space,car_parking,bike_parking,road_size,road_type,renting_purpose,delete,remarks,tenant_agreement,status,created_at,updated_at,ward_num,map_url,amenities,share_map_url,verification_note
2,pending,3,3,14,ROOM,TOURISM,,,"Uttamchowk,Buddhachowk",38,,,,1BHK,15000,,,,2,1,YES,YES,NO,YES,,1,,,self,1,,,ACTIVE,2024-08-09T10:21:05.000Z,2024-08-11T06:59:39.000Z,,,,,
3,pending,3,3,8,FLAT,RESIDENTIAL,,,Ranipauwa fulbari gairapatan,38,,,,2BHK,15000,,,,1,1,NO,NO,NO,YES,,1,,,self,1,,,ACTIVE,2024-08-09T10:24:26.000Z,2024-08-09T10:24:26.000Z,,,,,
4,pending,3,3,16,FLAT,RESIDENTIAL,,,"Puranodhara ,Matepani,Bhadrakali",38,,,,2BHK,20000,,,,2,2,NO,NO,NO,YES,0,1,,,self,1,,,ACTIVE,2024-08-09T10:29:23.000Z,2024-08-09T10:29:23.000Z,,,,,
5,pending,3,3,17,FLAT,TOURISM,,,Ranipauwa,38,,,,2BHK,20000,,,,4,0,YES,YES,YES,YES,1,0,,,suv car,1,,,ACTIVE,2024-08-09T10:32:23.000Z,2024-08-11T07:03:53.000Z,,,,,
6,pending,3,3,18,ROOM,RESIDENTIAL,,,chhorepatan/birauta,38,,,,1R,5000,,,,1,1,NO,NO,NO,NO,,,,,self,1,,,ACTIVE,2024-08-09T10:35:47.000Z,2024-08-09T10:35:47.000Z,,,,,
7,pending,3,3,19,HOUSE,TOURISM,,,Amarsingh to Buddhachowk,38,,,,WHOLE_HOUSE,50000,,,,1,1,NO,NO,NO,NO,,,,,hostel,1,,,ACTIVE,2024-08-09T10:38:21.000Z,2024-08-11T07:06:34.000Z,,,,,
8,pending,3,3,20,ROOM,TOURISM,,,Ranipauwa Matepani,38,,,,2R,13000,,,,2,1,NO,NO,NO,NO,,,,,self,1,,,ACTIVE,2024-08-09T10:41:08.000Z,2024-08-11T07:11:04.000Z,,,,,
9,pending,3,3,23,HOUSE,TOURISM,,,"Puranodhara ,Matepani,Bhadrakali/pokhara valley",38,,,,2BHK,16000,,,,2,2,YES,YES,NO,YES,1,,,,gharbeti navayeko ghar payea ni ramro,1,,,ACTIVE,2024-08-09T12:10:51.000Z,2024-08-11T06:58:09.000Z,,,,,
10,pending,3,3,25,FLAT,RESIDENTIAL,,,Manipal/Chapapani Area,38,,,,2BHK,20000,,,,2,0,YES,NO,NO,YES,1,,,,self,1,,,ACTIVE,2024-08-11T06:57:30.000Z,2024-08-11T06:57:30.000Z,,,,,
11,pending,3,3,26,FLAT,RESIDENTIAL,,,Lamachaur /Batulechaur/Amardeep,38,,,,2BHK,15000,,,,2,2,NO,NO,NO,YES,,1,,,self,1,,,ACTIVE,2024-08-11T07:09:56.000Z,2024-08-11T07:09:56.000Z,,,,,
12,pending,3,3,27,HOUSE,COMMERCIAL,,,Srijana Chowk,38,,,,WHOLE_HOUSE,50000,,,,0,0,NO,NO,NO,NO,,,,,official use,1,,,ACTIVE,2024-08-11T07:14:44.000Z,2024-08-11T07:14:44.000Z,,,,,
13,pending,3,3,28,ROOM,COMMERCIAL,,,Zero/Baglung buspark,38,,,,3R,14000,,,,1,1,NO,NO,NO,NO,,,,,hotel,1,,,ACTIVE,2024-08-11T07:32:10.000Z,2024-08-11T07:32:10.000Z,,,,,
14,pending,3,3,29,HOTEL,TOURISM,,,Khahare to Hallanchowk,38,,,,15R,200000,,,,,,YES,NO,NO,YES,,,,,hotel,1,,,ACTIVE,2024-08-11T07:39:44.000Z,2024-08-11T07:39:44.000Z,,,,,
15,pending,3,3,45,FLAT,RESIDENTIAL,,,Birauta /Amarsingh/Rannipauwa/Chauthe,38,,,,2BHK,15000,,,,2,2,NO,NO,NO,YES,,1,,,rent,1,,,ACTIVE,2024-08-12T06:58:43.000Z,2024-08-12T06:58:43.000Z,,,,,
16,pending,3,3,61,FLAT,RESIDENTIAL,,,Newroad /Malepatan /Parsyang /Nayabajar,38,,,,1R,25000,,,,5,0,NO,NO,NO,NO,,,,,whole house vayeni huni/ 20-25 k  samma ko,1,,,ACTIVE,2024-08-14T10:00:41.000Z,2024-08-14T10:00:41.000Z,,,,,
17,pending,3,3,62,FLAT,RESIDENTIAL,,,Ranipauwa Aalumaila chowk /Parsyang,38,,,,2BHK,14000,,,,0,0,NO,NO,NO,NO,,,,,self,1,,,ACTIVE,2024-08-14T10:02:06.000Z,2024-08-14T10:02:06.000Z,,,,,
18,pending,3,3,63,ROOM,RESIDENTIAL,,,Ratna Chowk /Simalchaur,38,,,,2R,15000,,,,0,0,YES,NO,NO,YES,,,,,l,1,,,ACTIVE,2024-08-14T10:03:29.000Z,2024-08-14T10:03:29.000Z,,,,,
19,pending,3,3,64,FLAT,RESIDENTIAL,,,Puranodharachowk/fulbari/ntc oripari,38,,,,1R,12500,,,,0,0,NO,NO,NO,NO,,,,,t,1,,,ACTIVE,2024-08-14T10:05:51.000Z,2024-08-14T10:05:51.000Z,,,,,
20,pending,3,3,65,FLAT,RESIDENTIAL,,,Mahendra pul najik,38,,,,2BHK,20000,,,,2,2,YES,NO,NO,NO,,,,,heavy furniture/ sun pasal,1,,,ACTIVE,2024-08-14T10:08:08.000Z,2024-08-14T10:08:08.000Z,,,,,
21,pending,3,3,66,FLAT,RESIDENTIAL,,,not mentioned,38,,,,1R,0,,,,1,0,NO,NO,NO,NO,,,,,nothing mentioned,1,,,ACTIVE,2024-08-14T10:11:58.000Z,2024-08-14T10:11:58.000Z,,,,,
22,pending,3,3,67,FLAT,RESIDENTIAL,,,aalumailachowk/Nagarpalika/Siddharthachowk,38,,,,1BHK,15,,,,0,0,NO,NO,NO,NO,,,,,g,1,,,ACTIVE,2024-08-14T10:15:11.000Z,2024-08-14T10:15:11.000Z,,,,,
23,pending,3,3,101,FLAT,RESIDENTIAL,,,ghalechowk,38,,,,2BHK,15000,,,,2,2,NO,NO,NO,YES,,,,,d,1,,,ACTIVE,2024-08-15T07:31:31.000Z,2024-08-15T07:31:31.000Z,,,,,
24,pending,3,3,102,ROOM,RESIDENTIAL,,,Fulbari side/soch college,38,,,,1R,6000,,,,2,0,NO,NO,NO,NO,,,,,Around soch college,1,,,ACTIVE,2024-08-15T07:34:15.000Z,2024-08-15T07:34:15.000Z,,,,,
25,pending,3,3,103,ROOM,RESIDENTIAL,,,Fulbari /ranipauwa,38,,,,1R,4500,,,,1,1,NO,NO,NO,NO,,,,,d,1,,,ACTIVE,2024-08-15T07:36:51.000Z,2024-08-15T07:36:51.000Z,,,,,
26,pending,3,3,6,ROOM,RESIDENTIAL,,,Parsyang MAlepatan Fulbari,38,,,,2R,9000,,,,1,1,NO,NO,NO,NO,,,,,RATI 10/11 BAJEY GHAR AAUNE,1,,,ACTIVE,2024-08-15T09:27:41.000Z,2024-08-15T09:27:41.000Z,,,,,
27,pending,3,3,70,FLAT,RESIDENTIAL,,,Near zero km,38,,,,2BHK,15000,,,,2,2,NO,NO,NO,NO,,,,,possible new house,1,,,ACTIVE,2024-08-15T09:29:25.000Z,2024-08-15T09:29:25.000Z,,,,,
28,pending,3,3,67,FLAT,RESIDENTIAL,,,Siddhartha chowk/aalumaila chowk/nagarpalika,38,,,,1BHK,15000,,,,3,1,NO,NO,NO,YES,,1,,,s,1,,,ACTIVE,2024-08-15T09:31:23.000Z,2024-08-15T09:31:23.000Z,,,,,
29,pending,3,3,71,FLAT,RESIDENTIAL,,,newroad nayabajar,38,,,,1R,6000,,,,1,1,NO,NO,NO,NO,,,,,shutter for hotel also if 15-20k,1,,,ACTIVE,2024-08-15T09:33:59.000Z,2024-08-15T09:33:59.000Z,,,,,
30,pending,3,3,72,HOUSE,RESIDENTIAL,,,chauthe to chippledhunga,38,,,,WHOLE_HOUSE,20000,,,,2,2,YES,NO,NO,YES,,,,,5-6 ota ghar vako ghar,1,,,ACTIVE,2024-08-15T09:35:38.000Z,2024-08-15T09:35:38.000Z,,,,,
31,pending,3,3,73,HOUSE,RESIDENTIAL,,,nayabajar newroad  bagaletole jalparode nagarpalika vitra,38,,,,1R,0,,,,2,2,NO,NO,NO,YES,,,,,2 floor house,1,,,ACTIVE,2024-08-15T09:37:48.000Z,2024-08-15T09:37:48.000Z,,,,,
32,pending,3,3,74,HOUSE,RESIDENTIAL,,,Malepatan parsyang,38,,,,WHOLE_HOUSE,0,,,,2,2,NO,NO,NO,YES,,,,,gharbeti navako,1,,,ACTIVE,2024-08-15T09:40:02.000Z,2024-08-15T09:40:02.000Z,,,,,
33,pending,3,3,75,FLAT,RESIDENTIAL,,,Ghalechowk,38,,,,2BHK,15000,,,,2,2,YES,NO,YES,YES,1,,,,aa,1,,,ACTIVE,2024-08-15T09:41:45.000Z,2024-08-15T09:41:45.000Z,,,,,
34,pending,3,3,76,FLAT,RESIDENTIAL,,,Mahendrapul to ratna chowk,38,,,,1R,0,,,,0,0,NO,NO,NO,NO,,,,,for office use,1,,,ACTIVE,2024-08-15T09:43:20.000Z,2024-08-15T09:43:20.000Z,,,,,
35,pending,3,3,76,FLAT,RESIDENTIAL,,,Mahendrapul to ratna chowk,38,,,,1R,0,,,,0,0,NO,NO,NO,NO,,,,,for office use,1,,,ACTIVE,2024-08-15T09:43:20.000Z,2024-08-15T09:43:20.000Z,,,,,
36,pending,3,3,77,ROOM,RESIDENTIAL,,,newroad nayabajar palikhe chowk,38,,,,2R,0,,,,0,0,NO,NO,NO,YES,,,,,xd,1,,,ACTIVE,2024-08-15T09:44:35.000Z,2024-08-15T09:44:35.000Z,,,,,
37,pending,3,3,78,FLAT,RESIDENTIAL,,,"birauta nagdhunga ratnachowk,masbar prithivichowk",38,,,,2BHK,0,,,,2,2,NO,NO,NO,YES,,,,,bike parking  needed,1,,,ACTIVE,2024-08-15T09:46:23.000Z,2024-08-15T09:46:23.000Z,,,,,
38,pending,3,3,107,FLAT,RESIDENTIAL,,,Bagar to lamachaur,38,,,,2BHK,15000,,,,0,0,YES,NO,NO,YES,1,1,,,ground floor only,1,,,ACTIVE,2024-08-15T09:54:16.000Z,2024-08-15T09:54:16.000Z,,,,,
39,pending,3,3,80,FLAT,RESIDENTIAL,,,damside,38,,,,2BHK,0,,,,1,1,NO,NO,NO,YES,,,,,y,1,,,ACTIVE,2024-08-15T09:55:49.000Z,2024-08-15T09:55:49.000Z,,,,,
40,pending,3,3,81,ROOM,SEMI_COMMERCIAL,,,sedi /lakeside,38,,,,2R,8000,,,,0,0,NO,NO,NO,NO,,,,,hall studio ko lagi peaceful location huna paryo,1,,,ACTIVE,2024-08-15T09:57:53.000Z,2024-08-15T09:57:53.000Z,,,,,
41,pending,3,3,82,FLAT,RESIDENTIAL,,,Ratna Chowk,38,,,,2BHK,0,,,,0,0,NO,NO,NO,YES,,,,,ground floor,1,,,ACTIVE,2024-08-15T09:59:07.000Z,2024-08-15T09:59:07.000Z,,,,,
42,pending,3,3,83,FLAT,TOURISM,,,pokhara 13/14,38,224,4,Pokhara,1R,20000,,,,0,0,NO,NO,NO,NO,,,,,f,1,,,ACTIVE,2024-08-15T10:03:30.000Z,2025-03-20T11:10:03.000Z,12,,,,
43,pending,3,3,84,FLAT,RESIDENTIAL,,,sayapatri chowk/janapath tole/Ranipauwa,38,,,,1BHK,11000,,,,0,0,NO,NO,NO,NO,,,,,11000 include water and electricity,1,,,ACTIVE,2024-08-15T10:06:25.000Z,2024-08-15T10:06:25.000Z,,,,,
44,pending,3,3,85,ROOM,RESIDENTIAL,,,Fulbari /ranipauwa,38,,,,1R,10000,,,,0,0,NO,NO,NO,NO,,,,,6\7 samma 1 room,1,,,ACTIVE,2024-08-15T10:08:10.000Z,2024-08-15T10:08:10.000Z,,,,,
45,pending,3,3,87,ROOM,RESIDENTIAL,,,masbar zero,38,,,,1R,0,,,,1,0,NO,NO,NO,NO,,,,,w,1,,,ACTIVE,2024-08-15T10:09:35.000Z,2024-08-15T10:09:35.000Z,,,,,
46,pending,3,3,88,OFFICE_SPACE,COMMERCIAL,,,zero malepatan newroad,38,,,,2R,25000,,,,,,NO,NO,NO,NO,,,,,travel agency office,1,,,ACTIVE,2024-08-15T10:26:17.000Z,2024-08-15T10:26:17.000Z,,,,,
47,pending,3,3,89,ROOM,RESIDENTIAL,,,sedi /lakeside,38,,,,1R,15000,,,,1,1,NO,NO,NO,YES,,,,,e,1,,,ACTIVE,2024-08-15T10:27:24.000Z,2024-08-15T10:27:24.000Z,,,,,
48,pending,3,3,90,HOUSE,RESIDENTIAL,,,lakeside pame,38,,,,1R,0,,,,0,0,NO,NO,NO,NO,,,,,parking vayeako /car bike,1,,,ACTIVE,2024-08-15T10:29:37.000Z,2024-08-15T10:29:37.000Z,,,,,
49,pending,3,3,91,FLAT,RESIDENTIAL,,,birauta mustang chowk malepatan,38,,,,2BHK,15000,,,,1,1,NO,NO,NO,NO,,,,,c,1,,,ACTIVE,2024-08-15T10:33:39.000Z,2024-08-15T10:33:39.000Z,,,,,
50,pending,3,3,92,FLAT,RESIDENTIAL,,,birauta around,38,,,,3BHK,30000,,,,0,0,NO,NO,NO,NO,,,,,for government quarter,1,,,ACTIVE,2024-08-15T10:35:10.000Z,2024-08-15T10:35:10.000Z,,,,,
51,pending,3,3,94,FLAT,RESIDENTIAL,,,damside birauta,38,,,,2BHK,0,,,,4,0,NO,NO,NO,YES,,,,,cfc,1,,,ACTIVE,2024-08-15T11:24:19.000Z,2024-08-15T11:24:19.000Z,,,,,
52,pending,3,3,97,HOUSE,RESIDENTIAL,,,Hospital najik/nursing campus area,38,,,,1R,12000,,,,3,0,YES,NO,NO,YES,,2,,,h,1,,,ACTIVE,2024-08-15T11:26:18.000Z,2024-08-15T11:26:18.000Z,,,,,
53,pending,3,3,98,FLAT,RESIDENTIAL,,,Fulbari /ranipauwa,38,,,,2BHK,0,,,,6,0,NO,NO,YES,NO,,,,,tin ko kotha vayea ni huncha,1,,,ACTIVE,2024-08-15T11:28:05.000Z,2024-08-15T11:28:05.000Z,,,,,
54,pending,3,3,397,FLAT,RESIDENTIAL,,,Srijana Chowk/Ratnachowk,38,,,,1R,20000,,,,2,2,NO,NO,YES,YES,,,,,e,1,,,ACTIVE,2024-08-25T08:16:38.000Z,2024-08-25T08:16:38.000Z,,,,,
55,pending,3,3,398,ROOM,RESIDENTIAL,,,Chipledhunga/Nayabajar,38,,,,1R,7000,,,,1,1,YES,NO,YES,NO,,,,,f,1,,,ACTIVE,2024-08-25T08:18:21.000Z,2024-08-25T08:18:21.000Z,,,,,
56,pending,3,3,399,FLAT,RESIDENTIAL,,,Newroad/Chhipledhunga/Fulbari /Ranipauwa,38,,,,2BHK,18000,,,,2,2,NO,NO,YES,YES,,,,,f,1,,,ACTIVE,2024-08-25T08:20:53.000Z,2024-08-25T08:20:53.000Z,,,,,
57,pending,3,3,430,FLAT,RESIDENTIAL,,,lakeside /malepatan,38,,,,2BHK,25000,,,,2,0,NO,NO,YES,NO,,,,,self,1,,,ACTIVE,2024-08-26T09:26:09.000Z,2024-08-26T09:26:09.000Z,,,,,
58,pending,3,3,434,FLAT,RESIDENTIAL,,,Nadipur/Fulbari/Ranipauwa/Arround IT college,38,,,,1R,15000,,,,2,2,YES,NO,NO,NO,,,,,self,1,,,ACTIVE,2024-08-27T11:44:13.000Z,2024-08-27T11:44:13.000Z,,,,,
59,pending,3,3,435,ROOM,TOURISM,,,chhorepatan,38,,,,2R,7000,,,,1,1,NO,NO,NO,NO,,,,,self,1,e,,ACTIVE,2024-08-27T11:52:31.000Z,2024-08-27T11:55:51.000Z,,,,,
60,pending,3,3,440,FLAT,RESIDENTIAL,,,Fulbari /ranipauwa,38,,,,2BHK,14000,,,,2,2,NO,NO,NO,YES,,,,,2,1,2,,ACTIVE,2024-08-28T08:59:09.000Z,2024-08-28T08:59:09.000Z,,,,,
61,pending,3,3,441,FLAT,RESIDENTIAL,,,Fulbari /ranipauwa,38,,,,2BHK,18000,,,,1,2,YES,NO,NO,YES,,,,,w,1,,,ACTIVE,2024-08-28T09:01:05.000Z,2024-08-28T09:01:05.000Z,,,,,
62,pending,3,3,448,FLAT,RESIDENTIAL,,,Aarchalbot/Parsyang,38,,,,3R,13000,,,,2,2,YES,NO,NO,YES,,,,,2,1,,,ACTIVE,2024-08-29T12:22:35.000Z,2024-08-29T12:22:35.000Z,,,,,
63,pending,3,3,449,FLAT,RESIDENTIAL,,,fulbari,38,,,,2BHK,14000,,,,2,2,NO,NO,NO,NO,,,,,c,1,,,ACTIVE,2024-08-29T12:24:32.000Z,2024-08-29T12:24:32.000Z,,,,,
64,pending,3,3,450,ROOM,TOURISM,,,Fulbari /ranipauwa,38,,4,pokhara,2BHK,10000,,,,2,0,YES,YES,NO,YES,,,,,2,1,,,ACTIVE,2024-08-30T07:59:04.000Z,2024-10-02T12:55:17.000Z,,,,,
65,pending,3,3,457,ROOM,RESIDENTIAL,,,Fulbari /ranipauwa,38,,,,1R,6500,,,,2,0,NO,NO,NO,YES,,,,,q,1,,,ACTIVE,2024-08-30T08:09:54.000Z,2024-08-30T08:09:54.000Z,,,,,
66,pending,3,3,455,FLAT,RESIDENTIAL,,,Ranipauwa,38,,,,2BHK,15000,,,,2,2,YES,NO,YES,YES,,,,,ws,1,,,ACTIVE,2024-08-30T08:11:03.000Z,2024-08-30T08:11:03.000Z,,,,,
67,pending,3,3,454,OFFICE_SPACE,COMMERCIAL,,,Srijana Chowk /Amarsing chowk,38,,,,1R,11000,,,,,,NO,NO,NO,NO,,,,,official use,1,,,ACTIVE,2024-08-30T08:12:33.000Z,2024-08-30T08:12:33.000Z,,,,,
68,pending,3,3,453,FLAT,RESIDENTIAL,,,Ranipauwa,38,,,,1R,15000,,,,2,0,NO,NO,NO,YES,,,,,e,1,,,ACTIVE,2024-08-30T08:13:46.000Z,2024-08-30T08:13:46.000Z,,,,,
69,pending,3,3,452,ROOM,RESIDENTIAL,,,Bindabasini Zero,38,,,,1R,6000,,,,1,0,NO,NO,NO,YES,,,,,d,1,,,ACTIVE,2024-08-30T08:15:30.000Z,2024-08-30T08:15:30.000Z,,,,,
70,pending,3,3,451,ROOM,RESIDENTIAL,,,Birauta /Rastrabank Himali tole,38,,,,1R,6000,,,,2,0,NO,NO,NO,YES,,,,,c,1,,,ACTIVE,2024-08-30T08:16:57.000Z,2024-08-30T08:16:57.000Z,,,,,
71,pending,3,3,474,ROOM,RESIDENTIAL,,,Aarchalbot/Parsyang/Ranipauwa /Fulbari,38,,,,1R,5500,,,,2,0,NO,NO,NO,NO,,,,,self,1,,,ACTIVE,2024-09-01T12:10:48.000Z,2024-09-01T12:10:48.000Z,,,,,
72,pending,3,3,472,ROOM,RESIDENTIAL,,,fulbari,38,,,,1R,5000,,,,2,1,NO,NO,NO,NO,,,,,e,1,,,ACTIVE,2024-09-01T12:13:29.000Z,2024-09-01T12:13:29.000Z,,,,,
73,pending,3,3,501,LAND,RESIDENTIAL,,,pokhara,38,,,,,100000,,,,,,,,,,,,,,kukhura farm,1,,,ACTIVE,2024-09-02T13:15:16.000Z,2024-09-02T13:15:16.000Z,,,,,
74,pending,3,3,502,ROOM,RESIDENTIAL,,,Ranipauwa,38,,,,1R,8000,,,,2,1,YES,NO,NO,YES,,,,,BV,1,,,ACTIVE,2024-09-02T13:16:20.000Z,2024-09-02T13:16:20.000Z,,,,,
75,pending,3,3,503,HOUSE,SEMI_COMMERCIAL,,,Gairapatan,38,,,,6BHK,50000,,,,0,0,YES,NO,NO,YES,,,,,official use,1,,,ACTIVE,2024-09-02T13:18:12.000Z,2024-09-02T13:18:12.000Z,,,,,
76,pending,3,3,504,FLAT,RESIDENTIAL,,,Ranipauwa,38,,,,1R,12000,,,,1,1,YES,NO,YES,NO,,,,,w,1,,,ACTIVE,2024-09-02T13:20:05.000Z,2024-09-02T13:20:05.000Z,,,,,
77,pending,3,3,526,FLAT,RESIDENTIAL,,,Ranipauwa,38,,,,1BHK,15000,,,,2,1,NO,NO,YES,YES,,,,,2,1,2,,ACTIVE,2024-09-09T12:56:14.000Z,2024-09-09T12:56:14.000Z,,,,,
78,pending,3,3,536,FLAT,RESIDENTIAL,,,Prithivichowk/Srijanachowk,38,,,,1R,15000,,,,2,2,NO,NO,NO,YES,,,,,s,1,,,ACTIVE,2024-09-11T09:05:11.000Z,2024-09-11T09:05:11.000Z,,,,,
80,pending,3,3,534,ROOM,RESIDENTIAL,,,Prithivichowk/Srijanachowk,38,,,,1R,15000,,,,1,1,NO,NO,NO,YES,,,,,2 barsa Basni,1,,,ACTIVE,2024-09-11T09:07:45.000Z,2024-09-11T09:07:45.000Z,,,,,
81,pending,3,3,544,FLAT,RESIDENTIAL,,,Lakeside,38,,,Lakeside,1R,20000,,,,2,1,YES,NO,NO,YES,,,,,w,1,ws,,ACTIVE,2024-09-15T12:09:52.000Z,2024-09-15T12:09:52.000Z,,,,,
82,pending,3,3,564,FLAT,RESIDENTIAL,,,Lakeside/Rastrabank/Uttamchowk/Mustangchowk/Gharipatan,38,,4,Pokhara,1R,25000,,,,2,2,YES,NO,YES,NO,,,,,top floor,1,,,ACTIVE,2024-09-15T12:15:25.000Z,2024-09-15T12:15:25.000Z,,,,,
83,pending,3,3,563,FLAT,RESIDENTIAL,,,Bhadrakali/ward10/11/12,38,,4,Pokhara,1R,15000,,,,2,0,YES,NO,YES,YES,,,,,q,1,q,,ACTIVE,2024-09-15T12:17:26.000Z,2024-09-15T12:17:26.000Z,,,,,
84,pending,3,3,562,FLAT,RESIDENTIAL,,,Fulbari /ranipauwa,38,,4,Pokhara,1R,15000,,,,1,2,YES,NO,NO,YES,,,,,s,1,,,ACTIVE,2024-09-15T12:18:26.000Z,2024-09-15T12:18:26.000Z,,,,,
85,pending,3,3,544,FLAT,TOURISM,,,Lakeside /Jarebar,38,,,Pokhara,1R,20000,,,,2,2,YES,NO,YES,YES,,,,,a,1,,,ACTIVE,2024-09-15T12:19:23.000Z,2024-09-15T12:19:23.000Z,,,,,
86,pending,3,3,584,ROOM,RESIDENTIAL,,,birauta,38,,4,Pokhara,3R,12000,,,,10,2,NO,NO,NO,NO,,,,,staff basne,1,,,ACTIVE,2024-09-18T13:24:57.000Z,2024-09-18T13:24:57.000Z,,,,,
87,pending,3,3,583,SHUTTER,RESIDENTIAL,,,Srijana Chowk,38,,4,Pokhara,1R,12000,,,,,,NO,NO,NO,NO,,,,,DHALAN ROOM,1,SHUTTER/ROOM,,ACTIVE,2024-09-18T13:26:15.000Z,2024-09-18T13:26:15.000Z,,,,,
88,pending,3,3,582,ROOM,RESIDENTIAL,,,Around Rangasala,38,,4,Pokhara,1R,10000,,,,2,2,NO,NO,NO,YES,,,,,s,1,staff basne,,ACTIVE,2024-09-18T13:27:31.000Z,2024-09-18T13:27:31.000Z,,,,,
89,pending,3,3,588,ROOM,RESIDENTIAL,,,Gairapatan/Siddharthachowk,38,,4,Pokhara,1R,12000,,,,2,2,YES,YES,YES,YES,,,,,w,1,,,ACTIVE,2024-09-20T10:05:34.000Z,2024-09-20T10:05:34.000Z,,,,,
90,pending,3,3,587,FLAT,RESIDENTIAL,,,Fulbari/Ranipauwa/Aarchalbot/Nadipur,38,,4,Pokhara,1R,20000,,,,2,2,NO,NO,YES,YES,,,,,2,1,,,ACTIVE,2024-09-20T10:07:13.000Z,2024-09-20T10:07:13.000Z,,,,,
91,pending,3,3,586,FLAT,RESIDENTIAL,,,Ranipauwa /fulbari,38,,4,Pokhara,1R,15000,,,,2,2,YES,NO,NO,YES,,,,,w,1,,,ACTIVE,2024-09-20T10:08:31.000Z,2024-09-20T10:08:31.000Z,,,,,
92,pending,3,3,585,FLAT,RESIDENTIAL,,,Sitaladevi/Ctevt,38,,4,Pokhara,1R,15000,,,,2,2,YES,NO,YES,YES,,,,,e,1,,,ACTIVE,2024-09-20T10:09:31.000Z,2024-09-20T10:09:31.000Z,,,,,
93,pending,3,3,612,FLAT,RESIDENTIAL,,,lakeside,38,,4,pokhara,1R,20000,,,,2,1,YES,NO,YES,YES,,,,,ws,1,,,ACTIVE,2024-09-22T13:39:04.000Z,2024-09-22T13:39:04.000Z,,,,,
94,pending,3,3,611,FLAT,RESIDENTIAL,,,fulbari,38,,4,pokhara,1R,14000,,,,2,2,YES,NO,NO,YES,,,,,e,1,e,,ACTIVE,2024-09-22T13:39:54.000Z,2024-09-22T13:39:54.000Z,,,,,
95,pending,3,3,610,FLAT,RESIDENTIAL,,,zero km,38,,4,pokhara,1R,16000,,,,2,2,NO,NO,NO,YES,,,,,2,1,w,,ACTIVE,2024-09-22T13:41:15.000Z,2024-09-22T13:41:15.000Z,,,,,
96,pending,3,3,609,ROOM,RESIDENTIAL,,,birauta,38,,4,pokhara,1R,7000,,,,1,1,NO,NO,NO,YES,,,,,e,1,,,ACTIVE,2024-09-22T13:42:45.000Z,2024-09-22T13:42:45.000Z,,,,,
97,pending,3,3,607,HOUSE,TOURISM,,,Lakeside,38,,4,pokhara,1R,30000,,,,2,1,NO,NO,NO,YES,,,,,f,1,,,ACTIVE,2024-09-22T13:43:37.000Z,2024-09-22T13:43:37.000Z,,,,,
98,pending,3,3,605,FLAT,RESIDENTIAL,,,Ratna Chowk /Simalchaur/Gairapatan/Newroad,38,,4,pokhara,1R,20000,,,,2,2,YES,NO,YES,YES,,,,,s,1,,,ACTIVE,2024-09-22T13:45:01.000Z,2024-09-22T13:45:01.000Z,,,,,
99,pending,3,3,193,FLAT,RESIDENTIAL,,,Ranipauwa,38,,4,pokhara,1BHK,15000,,,,1,2,YES,NO,NO,YES,,,,,s,1,w,,ACTIVE,2024-09-23T09:56:46.000Z,2024-09-23T09:56:46.000Z,,,,,
100,pending,3,3,623,FLAT,RESIDENTIAL,,,Fulbari /ranipauwa/Buddhachowk,38,,4,pokhara,2BHK,16000,,,,2,2,NO,YES,NO,YES,,,,,e,1,,,ACTIVE,2024-09-23T09:57:52.000Z,2024-09-23T09:57:52.000Z,,,,,
101,pending,3,3,622,FLAT,RESIDENTIAL,,,Ranipauwa,38,,4,pokhara,3BHK,20000,,,,1,1,NO,NO,NO,YES,,,,,d,1,,,ACTIVE,2024-09-23T09:58:44.000Z,2024-09-23T09:58:44.000Z,,,,,
102,pending,3,3,621,FLAT,RESIDENTIAL,,,Ranipauwa,38,,4,pokhara,1R,20000,,,,1,2,NO,NO,NO,YES,,,,,w,1,,,ACTIVE,2024-09-23T09:59:52.000Z,2024-09-23T09:59:52.000Z,,,,,
103,pending,3,3,620,FLAT,RESIDENTIAL,,,Newroad/Nayabajar/Sabhagriha,38,,4,pokhara,1R,7000,,,,2,2,YES,NO,NO,YES,,,,,q,1,,,ACTIVE,2024-09-23T10:01:00.000Z,2024-09-23T10:01:00.000Z,,,,,
104,pending,3,3,641,SHUTTER,COMMERCIAL,,,Amarsingh,38,,4,pokhara,1R,0,,,,,,YES,NO,NO,YES,,,,,e,1,w,,ACTIVE,2024-09-24T12:59:58.000Z,2024-09-24T12:59:58.000Z,,,,,
105,pending,3,3,640,HOUSE,RESIDENTIAL,,,Srijana Chowk,38,,4,pokhara,1R,15000,,,,2,2,NO,YES,NO,YES,,,,,s,1,,,ACTIVE,2024-09-24T13:02:53.000Z,2024-09-24T13:02:53.000Z,,,,,
106,pending,3,3,639,FLAT,RESIDENTIAL,,,Nayabajar,38,,4,pokhara,1R,15000,,,,2,2,NO,NO,YES,NO,,,,,e,1,e,,ACTIVE,2024-09-24T13:04:57.000Z,2024-09-24T13:04:57.000Z,,,,,
107,pending,3,3,638,HOUSE,RESIDENTIAL,,,Fulbari /ranipauwa,38,,,pokhara,1R,15000,,,,2,2,NO,NO,NO,NO,,,,,w,1,,,ACTIVE,2024-09-24T13:06:25.000Z,2024-09-24T13:06:25.000Z,,,,,
108,pending,3,3,637,FLAT,RESIDENTIAL,,,Fulbari /ranipauwa,38,,4,pokhara,1R,15000,,,,2,2,NO,NO,NO,YES,,,,,e,1,,,ACTIVE,2024-09-24T13:08:41.000Z,2024-09-24T13:08:41.000Z,,,,,
109,pending,3,3,636,FLAT,RESIDENTIAL,,,Ranipauwa,38,,4,pokhara,1R,14000,,,,2,2,NO,NO,NO,NO,,,,,e,1,,,ACTIVE,2024-09-24T13:12:26.000Z,2024-09-24T13:12:26.000Z,,,,,
110,pending,3,3,644,HOUSE,TOURISM,,,Fulbari /ranipauwa/Nayabajar/Newroad,38,,4,pokhara,3BHK,19000,,,,2,2,NO,NO,NO,NO,,,,,w,1,,,ACTIVE,2024-09-25T12:27:40.000Z,2024-09-26T12:23:17.000Z,,,,,
111,pending,3,3,673,FLAT,RESIDENTIAL,,,Fulbari /ranipauwa,38,,4,pokhara,1BHK,13000,,,,1,0,YES,NO,NO,YES,,,,,c,1,x,,ACTIVE,2024-09-27T09:31:39.000Z,2024-09-27T09:31:39.000Z,,,,,
112,pending,3,3,683,ROOM,RESIDENTIAL,,,chhorepatan,38,,4,pokhara,1R,7000,,,,2,2,NO,NO,NO,NO,,,,,2,1,,,ACTIVE,2024-09-29T13:08:48.000Z,2024-09-29T13:08:48.000Z,,,,,
113,pending,3,3,682,FLAT,RESIDENTIAL,,,Ranipauwa/Gandaki hospital,38,,4,pokhara,1R,20000,,,,2,2,YES,NO,YES,YES,,,,,d,1,,,ACTIVE,2024-09-29T13:09:42.000Z,2024-09-29T13:09:42.000Z,,,,,
114,pending,3,3,692,HOUSE,RESIDENTIAL,,,Nayagau/Chauthe,38,,4,pokhara,1R,20000,,,,2,2,YES,NO,NO,YES,,,,,d,1,,,ACTIVE,2024-10-02T12:59:24.000Z,2024-10-02T12:59:24.000Z,,,,,
115,pending,3,3,700,ROOM,RESIDENTIAL,,,Ranipauwa/Fulbari/Bhadrakali,38,,4,Pokhara,1R,5000,,,,1,0,NO,NO,NO,YES,,,,,Eklai Basne,0,d,,ACTIVE,2024-10-04T13:16:53.000Z,2025-04-10T08:43:31.000Z,,,,,
116,pending,3,3,705,ROOM,RESIDENTIAL,,,Nadipur/Fulbari/Ranipauwa,38,,4,Pokhara,1R,7000,,,,2,1,NO,NO,NO,NO,,,,,se,1,,,ACTIVE,2024-10-04T13:17:50.000Z,2024-10-04T13:17:50.000Z,,,,,
117,pending,3,3,709,ROOM,RESIDENTIAL,,,Malepatan/Masbar/Zero,38,,4,Pokhara,1R,8000,,,,2,1,NO,NO,NO,NO,,,,,d,1,,,ACTIVE,2024-10-06T12:53:49.000Z,2024-10-06T12:53:49.000Z,,,,,
118,pending,3,3,709,ROOM,RESIDENTIAL,,,Malepatan/Masbar/Zero,38,,4,Pokhara,1R,8000,,,,2,1,NO,NO,NO,NO,,,,,d,1,,,ACTIVE,2024-10-06T12:53:50.000Z,2024-10-06T12:53:50.000Z,,,,,
119,pending,3,3,708,FLAT,RESIDENTIAL,,,Fulbari /ranipauwa,38,,4,Pokhara,1R,16000,,,,2,2,NO,NO,NO,NO,,,,,w,1,,,ACTIVE,2024-10-06T12:54:59.000Z,2024-10-06T12:54:59.000Z,,,,,
120,pending,3,3,707,HOUSE,RESIDENTIAL,,,Chauthe,38,,4,Pokhara,1R,20000,,,,2,2,NO,NO,YES,YES,,,,,e,1,,,ACTIVE,2024-10-06T12:56:12.000Z,2024-10-06T12:56:12.000Z,,,,,
121,pending,3,3,729,OFFICE_SPACE,RESIDENTIAL,,,Pokhara,38,,4,Pokhara,3BHK,0,,,,,,NO,NO,NO,NO,,,,,official use,1,,,ACTIVE,2024-10-08T13:23:58.000Z,2024-10-08T13:23:58.000Z,,,,,
122,pending,3,3,730,ROOM,RESIDENTIAL,,,Chipledhunga/Zero,38,,4,Pokhara,1R,8000,,,,1,1,YES,NO,NO,NO,,,,,d,1,,,ACTIVE,2024-10-08T13:25:17.000Z,2024-10-08T13:25:17.000Z,,,,,
123,pending,3,3,755,FLAT,RESIDENTIAL,,,Fulbari /ranipauwa/Dhikalethar/Hospitalchowk,38,,4,Pokhara,2BHK,15000,,,,2,1,YES,NO,NO,YES,,,,,s,1,,,ACTIVE,2024-10-20T13:33:53.000Z,2024-10-20T13:33:53.000Z,,,,,
124,pending,3,3,754,FLAT,RESIDENTIAL,,,Fulbari /ranipauwa,38,,4,Pokhara,1R,18000,,,,2,2,YES,NO,NO,YES,,,,,s,1,,,ACTIVE,2024-10-20T13:34:52.000Z,2024-10-20T13:34:52.000Z,,,,,
125,pending,3,3,753,ROOM,RESIDENTIAL,,,Fulbari /ranipauwa,38,,4,Pokhara,2R,10000,,,,2,1,YES,NO,NO,YES,,,,,df,1,,,ACTIVE,2024-10-20T13:35:42.000Z,2024-10-20T13:35:42.000Z,,,,,
126,pending,3,3,752,FLAT,RESIDENTIAL,,,Fulbari /ranipauwa/Nayabajar/Newroad/Nadipur,38,,4,Pokhara,2BHK,15000,,,,2,2,NO,YES,NO,NO,,,,,e,1,,,ACTIVE,2024-10-20T13:36:42.000Z,2024-10-20T13:36:42.000Z,,,,,
127,pending,3,3,777,HOUSE,SEMI_COMMERCIAL,,,Ranipauwa/Fulbari/Matepani/Amarsingh,38,,4,Pokhara,1R,100000,,,,100,0,YES,NO,NO,YES,,,,,Libird office,1,,,ACTIVE,2024-10-24T10:51:28.000Z,2024-10-24T10:51:28.000Z,,,,,
128,pending,3,3,776,FLAT,RESIDENTIAL,,,bhadrakali/miyapatan/lamodahar/bajapatan,38,,4,Pokhara,1R,18000,,,,2,2,YES,NO,NO,YES,,,,,WW,1,,,ACTIVE,2024-10-24T10:52:32.000Z,2024-10-24T10:52:32.000Z,,,,,
129,pending,3,3,778,FLAT,RESIDENTIAL,,,Fulbari /Manipal,38,,4,Pokhara,3BHK,17000,,,,0,0,YES,NO,NO,NO,,,,,d,1,,,ACTIVE,2024-10-24T10:57:05.000Z,2024-10-24T10:57:05.000Z,,,,,
130,pending,3,3,802,FLAT,RESIDENTIAL,,,Ranipauwa/Fulbari/Gandaki hsptl side,38,,4,Pokhara,1R,16000,,,,2,2,YES,NO,YES,YES,,,,,student,1,,,ACTIVE,2024-11-05T09:06:43.000Z,2024-11-05T09:06:43.000Z,,,,,
131,pending,3,3,817,HOUSE,SEMI_COMMERCIAL,,,Newrosd/Mahendrapool/Rastrbank/Srijanachowk,38,224,4,Pokhara,1R,100000,,,,2,2,YES,NO,YES,YES,2,2,,,Residential/Godam kapda ko,1,,,ACTIVE,2024-11-14T08:53:54.000Z,2024-11-14T08:53:54.000Z,13,,,,
132,pending,3,3,838,FLAT,RESIDENTIAL,,,Bajhapatan Miyapatan Kudhahar,38,224,4,Pokhara,2BHK,18000,,,,2,2,YES,NO,YES,YES,,,,,w,1,,,ACTIVE,2024-11-19T07:49:43.000Z,2024-11-19T07:49:43.000Z,11,,,,
133,pending,3,3,870,FLAT,TOURISM,,,Fulbari,38,224,4,Pokhara,2BHK,18000,,,,2,2,YES,YES,NO,YES,,,,,i,1,,,COMPLETE,2024-11-24T12:08:40.000Z,2025-01-27T07:42:05.000Z,11,,,,
134,pending,3,3,883,FLAT,RESIDENTIAL,,,Bhadrakali,38,224,4,Pokhara,1R,15000,,,,2,2,YES,NO,NO,YES,,,,,d,1,,,ACTIVE,2024-11-27T11:30:29.000Z,2024-11-27T11:30:29.000Z,13,,,,
135,pending,3,3,884,FLAT,RESIDENTIAL,,,Ratnachowk,38,224,4,Pokhara,2BHK,15000,,,,2,2,NO,NO,NO,YES,,,,,t,1,,,ACTIVE,2024-11-28T07:23:46.000Z,2024-11-28T07:23:46.000Z,7,,,,
136,pending,3,3,885,ROOM,RESIDENTIAL,,,Amarsingh,38,224,4,Pokhara,1R,10000,,,,2,2,NO,NO,NO,YES,,,,,ddd,1,,,ACTIVE,2024-11-28T07:26:24.000Z,2024-11-28T07:26:24.000Z,10,,,,
137,pending,3,3,898,HOUSE,SEMI_COMMERCIAL,,,Fulbari/Ranipauwa/Sitaldevi,38,,,Pokhara,WHOLE_HOUSE,60000,,,,2,2,YES,NO,YES,YES,,,,,Guest house,1,Attached toilet,,ACTIVE,2024-12-02T11:55:17.000Z,2024-12-02T11:55:17.000Z,11,,,,
138,pending,3,3,916,HOUSE,TOURISM,,,Lakeside/Malepatan,38,224,4,Pokhara,WHOLE_HOUSE,70000,,,,2,2,YES,NO,YES,YES,,,,,s,1,,,ACTIVE,2024-12-08T07:50:18.000Z,2024-12-08T07:50:18.000Z,6,,,,
139,pending,3,3,923,FLAT,RESIDENTIAL,,,Fulbari,38,224,4,Pokhara,1BHK,15000,,,,1,2,YES,NO,YES,YES,,,,,g,1,,,COMPLETE,2024-12-11T07:24:35.000Z,2025-01-27T07:44:27.000Z,11,,,,
140,pending,3,3,929,FLAT,TOURISM,,,Fulbari / Gaudamukh / Fulbari / Ranipauwa,38,224,4,Pokhara,2BHK,15000,,,,2,2,YES,YES,YES,YES,,,,,z,1,,,ACTIVE,2024-12-11T10:12:11.000Z,2024-12-11T10:36:45.000Z,11,,,,
141,pending,3,3,944,FLAT,RESIDENTIAL,,,Chipledhunga / Ranipauwa / Bagar / Parsyang,38,224,4,Pokhara,1R,10000,,,,2,0,YES,YES,YES,YES,,,,,.,1,,,ACTIVE,2024-12-15T08:20:30.000Z,2024-12-15T08:20:30.000Z,17,,,,
142,pending,3,3,946,HOTEL,TOURISM,,,Lakeside,38,224,4,Pokhara,15R,100000,,,,,,YES,YES,YES,YES,,,,,hotel rent for 5 years,1,,,ACTIVE,2024-12-15T09:25:49.000Z,2024-12-15T09:28:00.000Z,6,,,,
143,pending,3,3,952,FLAT,TOURISM,,,Newroad / Ranipauwa / Nadipur / Fulbari / Chipledhunga,38,224,4,Pokhara,2BHK,20000,,,,2,0,YES,YES,YES,YES,,1,,,.,1,,,ACTIVE,2024-12-16T10:01:07.000Z,2024-12-16T10:01:35.000Z,3,,,,
144,pending,3,3,962,ROOM,RESIDENTIAL,,,Fulbari,38,224,4,Pokhara,1R,10000,,,,1,1,YES,NO,NO,YES,,,,,s,1,,,ACTIVE,2024-12-17T11:47:12.000Z,2024-12-17T11:47:12.000Z,12,,,,
145,pending,3,3,971,LAND,RESIDENTIAL,1,ROPANI,"Sitaldevi, Ranipauwa",38,224,4,Pokhara,,20000,,,,,,,,,,,,,,z,1,22 haat mohoda minimum,,COMPLETE,2024-12-20T07:43:24.000Z,2025-01-27T07:45:29.000Z,12,,,,
146,pending,3,3,973,FLAT,RESIDENTIAL,,,Lakeside Shantipatan,38,224,4,Pokhara,1R,16000,,,,4,0,YES,NO,YES,YES,,,,,m,1,,,ACTIVE,2024-12-20T08:39:40.000Z,2024-12-20T08:39:40.000Z,6,,,,
147,pending,3,3,975,FLAT,RESIDENTIAL,,,"Sidhhartha Chowk, Jalparoad , Mahendrapool",38,224,4,Pokhara,1R,16000,,,,2,0,YES,NO,YES,YES,,,,,h,1,Dog Space needed,,ACTIVE,2024-12-20T10:58:01.000Z,2024-12-20T10:58:01.000Z,17,,,,
148,pending,3,3,980,HOUSE,RESIDENTIAL,,,Fulbari,38,224,4,Pokhara,3R,7000,,,,2,0,YES,NO,NO,NO,,,,,stay,1,,,ACTIVE,2024-12-22T07:58:57.000Z,2024-12-22T07:58:57.000Z,11,,koi pani nabasne,,
149,pending,3,3,1018,FLAT,RESIDENTIAL,,,Fulbari,38,224,4,Pokhara,1R,15000,,,,3,0,YES,NO,YES,YES,,,,,.,1,,,ACTIVE,2024-12-27T11:15:27.000Z,2024-12-27T11:15:27.000Z,13,,,,
150,pending,3,3,1019,OFFICE_SPACE,COMMERCIAL,,,Fulbari,38,224,4,Pokhara,1R,15000,,,,,,NO,NO,YES,YES,,,,,"Dance Studio / Zumba , 15 jana nachna milne",1,,,ACTIVE,2024-12-27T11:17:31.000Z,2024-12-27T11:17:31.000Z,13,,,,
151,pending,3,3,1027,FLAT,RESIDENTIAL,,,Fulbari / Gairapatan / Ranipauwa / Nadipur / Bagar / Deep / Birauta,38,224,4,Pokhara,1R,15000,,,,4,3,YES,YES,YES,YES,,,,,"3BHK - 15000 , 2BHK -11000",1,Bacchaharu PInnacle Academy Padhne,,ACTIVE,2024-12-29T07:38:05.000Z,2024-12-29T07:38:05.000Z,3,,,,
152,pending,3,3,1029,FLAT,RESIDENTIAL,,,Ranipauwa,38,224,4,Pokhara,1R,18000,,,,2,0,YES,YES,YES,YES,,,,,stay,1,2BHK-3BHK,,ACTIVE,2024-12-29T10:39:30.000Z,2024-12-29T10:39:30.000Z,11,,"Gharbeti Nabasne, Attached Room , 1 Floor",,
153,pending,3,3,1046,FLAT,RESIDENTIAL,,,Fulbari / Ranipauwa / Amarsingh / Hospital Chowk,38,224,4,Pokhara,3BHK,19000,,,,3,0,YES,YES,YES,YES,,,,,3 students Gandaki Hospital ma MBBS Padhne for 4-5 Years Poush 20 samma chaiyeko,1,3 Bedroom Complsory,,ACTIVE,2025-01-01T08:44:15.000Z,2025-01-01T08:44:15.000Z,11,,,,
154,pending,3,3,1048,FLAT,RESIDENTIAL,,,Fulbari / Ranipauwa / Malepatan / Parsyang,38,224,4,Pokhara,1R,15000,,,,3,1,YES,YES,YES,YES,,,,,stay,1,,,ACTIVE,2025-01-01T12:22:43.000Z,2025-01-01T12:22:43.000Z,11,,Gham Parne type room hunaparxa . Needed for a sick person,,
155,pending,3,3,1053,FLAT,RESIDENTIAL,,,Lakeside,38,224,4,Pokhara,1R,0,,,,2,0,YES,YES,YES,YES,,,,,x,1,Price will be fixed after seeing flat pictures,,ACTIVE,2025-01-02T08:44:57.000Z,2025-01-02T08:44:57.000Z,6,,,,
156,pending,3,3,1057,FLAT,RESIDENTIAL,,,Srijana Chowk to Siddhartha Chowk,38,224,4,Pokhara,1R,25000,,,,3,0,YES,YES,YES,YES,,3,,,x,1,,,ACTIVE,2025-01-03T07:35:53.000Z,2025-01-03T07:35:53.000Z,8,,,,
157,pending,3,3,1074,FLAT,RESIDENTIAL,,,Fulbari / Lamachaur / Nadipur,38,224,4,Pokhara,1R,16000,,,,1,1,YES,YES,YES,YES,,,,,z,1,,,ACTIVE,2025-01-06T09:10:05.000Z,2025-01-06T09:10:05.000Z,11,,,,
158,pending,3,3,1072,HOUSE,RESIDENTIAL,,,Zero / Malepatan / Shrijana Chowk,38,224,4,Pokhara,1R,50000,,,,1,0,YES,YES,YES,YES,,,,,x,1,,,ACTIVE,2025-01-06T09:15:41.000Z,2025-01-06T09:15:41.000Z,5,,2 floor,,
159,pending,3,3,1095,FLAT,RESIDENTIAL,,,Ranipauwa / Sidhhartha Chowk / Zero,38,224,4,Pokhara,1R,15000,,,,1,0,YES,YES,YES,YES,,,,,x,1,x,,ACTIVE,2025-01-09T07:29:40.000Z,2025-01-09T07:29:40.000Z,11,,Modular Kitchen,,
160,pending,3,3,1107,FLAT,RESIDENTIAL,,,Ratnachowk / Shrijana Chowk,38,224,4,Pokhara,3BHK,22000,,,,3,0,YES,YES,YES,YES,,,,,x,1,x,,ACTIVE,2025-01-12T12:46:40.000Z,2025-01-12T12:46:40.000Z,8,,"3BHK + Shutter , Ground Floor",,
161,pending,3,3,1129,FLAT,TOURISM,,,Fulbari / Ranipauwa / Gandaki Hospital,38,224,4,Pokhara,3BHK,25000,,,,2,0,YES,YES,YES,YES,,,,,Bhaiko lagi Newroad ma Pasal / Emergency,1,,,ACTIVE,2025-01-19T10:02:53.000Z,2025-01-19T10:03:28.000Z,11,,,,
162,pending,3,3,1133,OFFICE_SPACE,TOURISM,,,Newroad / Nayabajar /  Prithivi Chowk / BuddhaChowk / Srijana Chowk,38,224,4,Pokhara,1R,25000,,,,,,YES,YES,YES,YES,,,,,Pathao Parcel ko lagi,1,Ground Floor,,ACTIVE,2025-01-20T08:32:24.000Z,2025-01-20T08:45:18.000Z,4,,x,,
164,pending,3,3,1146,FLAT,RESIDENTIAL,,,Matepani / Ranipauwa,38,224,4,Pokhara,2BHK,15000,,,,2,0,YES,YES,YES,YES,,,,,x,1,x,,ACTIVE,2025-01-22T09:16:50.000Z,2025-01-22T09:16:50.000Z,12,,,,
165,pending,3,3,1177,FLAT,RESIDENTIAL,,HAAT,Amarsingh / Fulbari,38,224,4,Pokhara,1R,40000,,,,3,0,YES,YES,YES,YES,,,,,x,1,,,ACTIVE,2025-01-28T10:56:21.000Z,2025-01-28T10:56:21.000Z,10,,,,
166,pending,3,3,1178,FLAT,RESIDENTIAL,,,Fulbari / Ranipauwa,38,224,4,Pokhara,3BHK,15000,,,,3,1,YES,YES,YES,YES,,,,,x,1,Gharbeti Navako / Agreement garna ok for 5 years,,ACTIVE,2025-01-28T11:04:24.000Z,2025-01-28T11:04:24.000Z,11,,x,,
167,pending,3,3,1215,HOUSE,TOURISM,,,Fulbari / Ranipauwa / Damside,38,224,4,Pokhara,1R,40000,,,,3,1,YES,YES,YES,YES,2,,,,Gharbeti Nabaseko / Baccha Khelne Thau,1,,,ACTIVE,2025-02-05T09:57:08.000Z,2025-03-03T12:02:10.000Z,11,,x,,
168,pending,3,3,1260,HOUSE,RESIDENTIAL,,,Birauta/Chhorepatan,38,224,4,Pokhara,1R,30000,,,,2,2,YES,NO,NO,YES,,,,,e,1,,,ACTIVE,2025-02-18T09:12:15.000Z,2025-02-18T09:12:15.000Z,17,,e,,
169,pending,3,3,1261,FLAT,RESIDENTIAL,,,Lakeside,38,224,4,Pokhara,1R,35000,,,,2,2,NO,YES,NO,YES,,,,,w,1,,,ACTIVE,2025-02-18T09:16:48.000Z,2025-02-18T09:16:48.000Z,6,,e,,
170,pending,3,3,1262,FLAT,RESIDENTIAL,,,Bagar/Deep,38,224,4,Pokhara,1R,10000,,,,2,2,NO,NO,NO,YES,,,,,ee,1,,,ACTIVE,2025-02-18T09:20:20.000Z,2025-02-18T09:20:20.000Z,1,,e,,
171,pending,3,3,401,FLAT,RESIDENTIAL,,,Fulbari/Ranipauwa,38,224,4,Pokhara,2BHK,20000,,,,2,2,YES,NO,YES,YES,1,1,,,Garden + Ground floor,1,,,ACTIVE,2025-02-18T09:34:29.000Z,2025-02-18T09:34:29.000Z,11,,d,,
172,pending,3,3,1265,FLAT,RESIDENTIAL,,,Fulbari/Ranipauwa/Nayabajar/Parsyang,38,224,4,Pokhara,2R,10000,,,,2,0,YES,NO,NO,YES,,,,,ds,1,,,ACTIVE,2025-02-20T11:43:11.000Z,2025-02-20T11:43:11.000Z,11,,2 girls makeup studio/nail artist,,
173,pending,3,3,1266,FLAT,RESIDENTIAL,,,Fulbari,38,224,4,Pokhara,1R,15000,,,,2,2,YES,NO,YES,YES,,,,,2 flat eutai thau ma chaiyeako,1,,,ACTIVE,2025-02-21T08:38:46.000Z,2025-02-21T08:38:46.000Z,11,,d,,
174,pending,3,3,1274,FLAT,RESIDENTIAL,,,Fulbari/Ranipauwa/Nadipur,38,224,4,Pokhara,2BHK,25000,,,,2,2,YES,NO,YES,YES,,,,,t,1,,,ACTIVE,2025-02-27T08:57:39.000Z,2025-02-27T08:57:39.000Z,11,,g,,
176,pending,3,3,1319,HOUSE,RESIDENTIAL,,,Parsyang/Nayabajar,38,224,4,Pokhara,WHOLE_HOUSE,40000,,,,2,2,YES,NO,NO,YES,,,,,d,1,,,ACTIVE,2025-03-10T11:26:18.000Z,2025-03-10T11:26:18.000Z,5,,d,,
177,pending,3,3,1312,FLAT,RESIDENTIAL,,,Fulbari/Nadipur/Ranipauwa,38,224,4,Pokhara,2BHK,14000,,,,2,2,NO,NO,NO,YES,,,,,s,1,,,ACTIVE,2025-03-10T11:30:38.000Z,2025-03-10T11:30:38.000Z,11,,es,,
178,pending,3,3,871,FLAT,TOURISM,,,Fulbari/Chapapani/Matepani/Bhadrakali,38,224,4,Pokhara,2BHK,15000,,,,2,0,YES,YES,NO,YES,,,,,s,1,,,ACTIVE,2025-03-10T11:33:20.000Z,2025-03-10T11:36:49.000Z,11,,s,,
179,pending,3,3,1313,FLAT,RESIDENTIAL,,,Fulbari/Dhikalethar/Ranipauwa,38,224,4,Pokhara,2BHK,13000,,,,2,2,NO,NO,NO,YES,,,,,e,1,,,ACTIVE,2025-03-10T11:34:59.000Z,2025-03-10T11:34:59.000Z,11,,f,,
180,pending,3,3,1314,FLAT,RESIDENTIAL,,,Fulbari/Ranipauwa/Sitaldevi,38,224,4,Pokhara,3R,10000,,,,1,2,NO,NO,NO,YES,,,,,e,1,,,ACTIVE,2025-03-10T11:36:11.000Z,2025-03-10T11:36:11.000Z,11,,e,,
181,pending,3,3,1293,FLAT,RESIDENTIAL,,,Fulbari/Ranipauwa,38,224,4,Pokhara,2BHK,15000,,,,2,2,NO,NO,NO,YES,,,,,se,1,,,ACTIVE,2025-03-10T11:40:06.000Z,2025-03-10T11:40:06.000Z,11,,ed,,
182,pending,3,3,1327,HOUSE,RESIDENTIAL,,,Fulbari/Ranipauwa/Malepatan/Birauta/Nayabajar,38,224,4,Pokhara,1R,40000,,,,6,6,YES,NO,NO,YES,,,,,For montessori school,1,,,ACTIVE,2025-03-14T09:50:07.000Z,2025-03-14T09:50:07.000Z,11,,,,
183,pending,3,3,1337,HOUSE,RESIDENTIAL,,,Amarsingh/Nayabajar/Parsyang/Amarsingh,38,224,4,Pokhara,1R,35000,,,,1,1,YES,NO,NO,YES,,,,,w,1,,,ACTIVE,2025-03-17T08:47:28.000Z,2025-03-17T08:47:28.000Z,9,,w,,
184,pending,3,3,1356,FLAT,RESIDENTIAL,,,Fulbari/Ranipauwa,38,224,4,Pokhara,2BHK,15000,,,,2,1,YES,NO,NO,YES,,,,,w,1,,,ACTIVE,2025-03-24T07:12:11.000Z,2025-03-24T07:12:11.000Z,11,,s,,
185,pending,3,3,1357,HOUSE,RESIDENTIAL,,,Rambajar,38,224,4,Pokhara,1R,35000,,,,2,2,YES,NO,NO,YES,,,,,w,1,,,ACTIVE,2025-03-24T07:13:38.000Z,2025-03-24T07:13:38.000Z,10,,w,,
186,pending,3,3,1358,FLAT,RESIDENTIAL,,,Fulbari/Ranipauwa/Ramghat,38,224,4,Pokhara,1R,15000,,,,1,2,NO,NO,NO,YES,,,,,w,1,,,ACTIVE,2025-03-24T07:14:55.000Z,2025-03-24T07:14:55.000Z,10,,w,,
187,pending,3,3,1370,FLAT,RESIDENTIAL,,,Fulbari/Ranipauwa,38,224,4,Pokhara,2BHK,15000,,,,1,1,YES,NO,NO,YES,,,,,w,1,,,ACTIVE,2025-03-26T08:30:58.000Z,2025-03-26T08:30:58.000Z,11,,w,,
188,pending,3,3,1394,ROOM,RESIDENTIAL,,,Fulbari/Ranipauwa/Gandaki hospital around,38,224,4,Pokhara,1R,6000,,,,0,1,YES,NO,YES,NO,,,,,Eklai basna ko lagi Gandaki hsptl ma kamm garne 2 room +10000 sammma pay garne,1,,,ACTIVE,2025-04-08T09:33:01.000Z,2025-04-08T09:33:01.000Z,11,,Top floor+ ujyalo,,
189,pending,3,3,1395,FLAT,RESIDENTIAL,,,Malepatan/Parsyang/Zero/Srijanachowk,38,224,4,Pokhara,1R,15000,,,,1,2,YES,NO,NO,YES,,,,,d,1,,,ACTIVE,2025-04-08T09:35:17.000Z,2025-04-08T09:35:17.000Z,5,,es,,
190,pending,3,3,1396,FLAT,RESIDENTIAL,,,Fulbari/Ranipauwa/Nayabajar/Srijanachowk,38,224,4,Pokhara,1R,8000,,,,1,0,NO,NO,NO,NO,,,,,j,1,,,ACTIVE,2025-04-08T09:36:57.000Z,2025-04-08T09:36:57.000Z,11,,l,,
191,pending,3,3,1366,FLAT,RESIDENTIAL,,,Fulbari/Ranipauwa,38,224,4,Pokhara,3BHK,20000,,,,2,2,YES,NO,YES,YES,,,,,s,1,,,ACTIVE,2025-04-08T09:38:32.000Z,2025-04-08T09:38:32.000Z,11,,s,,
192,pending,3,3,1405,LAND,SEMI_COMMERCIAL,,,Chauthe,38,224,4,Pokhara,,50000,,,,,,,,,,,,20,BLACK-TOPPED,Baluwa gitti depo ko lagi,1,,,ACTIVE,2025-04-15T08:46:56.000Z,2025-04-15T08:46:56.000Z,14,,2-4 ropani,,
193,pending,3,3,1406,ROOM,RESIDENTIAL,,,Fulbari/Ranipauwa/Sitaldevi,38,224,4,Pokhara,1R,10000,,,,,,YES,,NO,NO,,,,BLACK-TOPPED,living,1,,,ACTIVE,2025-04-15T08:51:59.000Z,2025-04-15T08:51:59.000Z,11,,2 room 1 room 1 kitchen,,
194,pending,3,3,1413,FLAT,RESIDENTIAL,,,Fulbari/Ranipauwa,38,224,4,Pokhara,1R,15000,,,,1,2,NO,NO,NO,YES,,,,,s,1,,,ACTIVE,2025-04-16T11:57:06.000Z,2025-04-16T11:57:06.000Z,11,,ws,,
195,pending,3,3,1414,FLAT,RESIDENTIAL,,,Amarsingh,38,224,4,Pokhara,1R,15000,,,,2,2,NO,NO,NO,NO,,,,,s,1,,,ACTIVE,2025-04-16T11:58:22.000Z,2025-04-16T11:58:22.000Z,10,,d,,
196,pending,3,3,1424,FLAT,RESIDENTIAL,,,Lakeside,38,224,4,Pokhara,3BHK,35000,,,,2,2,YES,NO,YES,YES,,,,,c,1,,,ACTIVE,2025-04-20T08:46:59.000Z,2025-04-20T08:46:59.000Z,6,,vc,,
197,pending,3,3,1424,FLAT,RESIDENTIAL,,,Lakeside,38,224,4,Pokhara,3BHK,35000,,,,2,2,YES,NO,YES,YES,,,,,c,1,,,ACTIVE,2025-04-20T08:46:59.000Z,2025-04-20T08:46:59.000Z,6,,vc,,
198,pending,3,3,1438,FLAT,RESIDENTIAL,,,Fulbari/Ranipauwa/Chauthe,38,224,4,Pokhara,2BHK,18000,,,,2,2,YES,NO,NO,YES,,,,,s,1,,,ACTIVE,2025-04-25T09:00:21.000Z,2025-04-25T09:00:21.000Z,11,,LAxmi bank ma job grne,,
199,pending,3,3,1439,HOUSE,RESIDENTIAL,,,Rambajar/Amarsingh/Budhhachowk,38,224,4,Pokhara,WHOLE_HOUSE,30000,,,,2,2,YES,NO,YES,YES,,,,,a,1,,,ACTIVE,2025-04-25T09:01:44.000Z,2025-04-25T09:01:44.000Z,10,,s,,
200,pending,3,3,1439,HOUSE,RESIDENTIAL,,,Rambajar/Amarsingh/Budhhachowk,38,224,4,Pokhara,WHOLE_HOUSE,30000,,,,2,2,YES,NO,YES,YES,,,,,a,1,,,ACTIVE,2025-04-25T09:01:45.000Z,2025-04-25T09:01:45.000Z,10,,s,,
201,pending,3,3,1440,FLAT,RESIDENTIAL,,,Fulbari/Ranipauwa,38,224,4,Pokhara,2BHK,15000,,,,2,2,YES,NO,NO,YES,,,,,s,1,,,ACTIVE,2025-04-25T09:03:00.000Z,2025-04-25T09:03:00.000Z,11,,Chhori sitaldevi padhne,,
202,pending,3,3,1471,FLAT,RESIDENTIAL,,,Fulbari,38,224,4,Pokhara,1R,17000,,,,3,1,NO,NO,NO,YES,,,,,s,1,,,ACTIVE,2025-05-09T13:21:34.000Z,2025-05-09T13:21:34.000Z,11,,,,
203,pending,3,3,1472,FLAT,RESIDENTIAL,,,Fulbari/Ranipauwa,38,224,4,Pokhara,2BHK,16000,,,,2,1,NO,NO,NO,YES,,,,,2w,1,,,ACTIVE,2025-05-09T13:25:43.000Z,2025-05-09T13:25:43.000Z,11,,2,,
204,pending,3,3,1473,LAND,RESIDENTIAL,,,Birauta/Gharipatan,38,224,4,Pokhara,,15000,,,,,,,,,,,,,,s,1,,,ACTIVE,2025-05-09T13:26:44.000Z,2025-05-09T13:26:44.000Z,17,,s,,
205,pending,3,3,1474,FLAT,RESIDENTIAL,,,Fulbari,38,224,4,Pokhara,1R,18000,,,,2,2,YES,NO,NO,YES,,,,,s,1,,,ACTIVE,2025-05-09T13:27:59.000Z,2025-05-09T13:27:59.000Z,11,,Nwe house+ Modular kitchen,,
206,pending,3,3,1475,FLAT,RESIDENTIAL,,,Fulbari/Amarsingh/Chauthe,38,224,4,Pokhara,2BHK,15000,,,,2,2,YES,NO,YES,YES,,,,,s,1,,,ACTIVE,2025-05-09T13:30:34.000Z,2025-05-09T13:30:34.000Z,11,,Top floor,,
207,pending,3,3,1476,HOUSE,RESIDENTIAL,,,Fulbari/Ranipauwa/Amarsingh,38,224,4,Pokhara,1R,20000,,,,2,2,YES,NO,YES,YES,,,,,e,1,,,ACTIVE,2025-05-09T13:32:06.000Z,2025-05-09T13:32:06.000Z,10,,e,,
208,pending,3,3,1532,FLAT,RESIDENTIAL,,,Fulbari/Sitaldevi/Laliguras,38,224,4,Pokhara,1R,20000,,,,1,1,YES,NO,YES,YES,,,,,s,1,,,ACTIVE,2025-05-22T13:06:52.000Z,2025-05-22T13:06:52.000Z,11,,Gharbeti nabasne,,
209,pending,3,3,1533,HOUSE,RESIDENTIAL,,,Ratnachowk/Mustangchowk/Birauta,38,224,4,Pokhara,WHOLE_HOUSE,50000,,,,2,2,YES,YES,YES,YES,,,,,s,1,,,ACTIVE,2025-05-22T13:08:45.000Z,2025-05-22T13:08:45.000Z,17,,For hostel,,
210,pending,3,3,1534,FLAT,RESIDENTIAL,,,Bagar/Parsyang/Aarchalbot/Nadipur,38,224,4,Pokhara,1R,15000,,,,2,2,YES,YES,YES,YES,,,,,s,1,,,ACTIVE,2025-05-22T13:09:56.000Z,2025-05-22T13:09:56.000Z,1,,ws,,
211,pending,3,3,1535,FLAT,RESIDENTIAL,,,Ranipauwa/Chauthe/Amarsingh,38,224,4,Pokhara,2BHK,15000,,,,2,2,YES,NO,YES,YES,,,,,Modular Kitchen,1,,,ACTIVE,2025-05-22T13:11:40.000Z,2025-05-22T13:11:40.000Z,11,,Top floor/Gharbeti nabasne,,
212,pending,3,3,1536,FLAT,RESIDENTIAL,,,Fulbari/Ranipauwa/Sitaldevi/Mahendrapool,38,224,4,Pokhara,2BHK,30000,,,,2,2,NO,NO,NO,NO,,,,,a,1,,,ACTIVE,2025-05-22T13:21:23.000Z,2025-05-22T13:21:23.000Z,11,,az,,
213,pending,3,3,1537,SHUTTER,COMMERCIAL,,,Fulbari,38,224,4,Pokhara,2R,15000,,,,,,NO,NO,NO,NO,,,,,byapar garna ra basna milne,1,,,ACTIVE,2025-05-22T13:24:51.000Z,2025-05-22T13:24:51.000Z,11,,Shutter +room in one house,,
214,pending,3,3,1538,HOUSE,RESIDENTIAL,,,Lakeside,38,224,4,pokhara,WHOLE_HOUSE,25000,,,,2,2,YES,YES,YES,YES,,,,,Lakeside ma pasal,1,,,ACTIVE,2025-05-22T13:25:58.000Z,2025-05-22T13:25:58.000Z,6,,s,,
215,pending,3,3,1580,HOUSE,RESIDENTIAL,,,Rambajar/Nayagau,38,224,4,Pokhara,1R,25000,,,,2,2,YES,NO,YES,YES,,,,,w,1,,,ACTIVE,2025-06-10T09:17:26.000Z,2025-06-10T09:17:26.000Z,10,,Gharbeti nabasne,,
216,pending,3,3,1581,FLAT,RESIDENTIAL,,,Fulbari/Ranipauwa,38,224,4,Pokhara,2BHK,15000,,,,2,2,YES,YES,YES,YES,,,,,ss,1,,,ACTIVE,2025-06-10T09:19:27.000Z,2025-06-10T09:19:27.000Z,11,,ss,,
217,pending,3,3,1582,HOUSE,TOURISM,,,Fulbari/Newroad/Nayabajar/Jalparoad,38,224,4,Pokhara,WHOLE_HOUSE,25000,,,,2,2,YES,YES,YES,YES,,,,,s,1,,,ACTIVE,2025-06-10T09:22:58.000Z,2025-06-10T09:25:32.000Z,11,,d,,
218,pending,3,3,1583,FLAT,RESIDENTIAL,,,Fulbari/Chauthe,38,224,4,Pokhara,1R,13000,,,,2,2,YES,YES,NO,YES,,,,,s,1,,,ACTIVE,2025-06-10T09:24:55.000Z,2025-06-10T09:24:55.000Z,14,,s,,
219,pending,3,3,1584,HOUSE,RESIDENTIAL,,,Bagar/Lakeside /Sedi,38,224,4,Pokhara,1R,30000,,,,2,2,NO,NO,NO,YES,,,,,ss,1,,,ACTIVE,2025-06-10T09:34:32.000Z,2025-06-10T09:34:32.000Z,1,,s,,
220,pending,3,3,779,ROOM,RESIDENTIAL,,,Palikhechowk/Nayabajar/Mahendrapool,38,224,4,Pokhara,1R,5000,,,,1,1,NO,NO,YES,YES,,,,,zaa,1,,,ACTIVE,2025-06-24T09:25:03.000Z,2025-06-24T09:25:03.000Z,9,,w,,
221,pending,3,3,1625,HOUSE,RESIDENTIAL,,,Birauta/Rambajar,38,224,4,Pokhara,WHOLE_HOUSE,50000,,,,0,0,YES,YES,YES,YES,,,,,s,1,,,ACTIVE,2025-07-01T07:25:27.000Z,2025-07-01T07:25:27.000Z,17,,s,,
222,pending,3,3,1646,HOUSE,RESIDENTIAL,,,Rambajar,38,224,4,Pokhara,WHOLE_HOUSE,70000,,,,0,0,YES,NO,NO,YES,,,,,For hostel,1,,,ACTIVE,2025-07-10T11:11:43.000Z,2025-07-10T11:11:43.000Z,15,,,,
223,pending,3,3,1647,HOUSE,RESIDENTIAL,,,"Ranipauwa,Chauthe",38,224,4,Pokhara,WHOLE_HOUSE,30000,,,,2,2,YES,NO,NO,YES,,,,,Residential,1,,,ACTIVE,2025-07-11T07:50:55.000Z,2025-07-11T07:50:55.000Z,11,,1.5 FLOOR OK,,
224,pending,3,3,1648,FLAT,RESIDENTIAL,,,Ranipauwa/Fulbari,38,224,4,Pokhara,1R,20000,,,,2,2,YES,NO,YES,YES,,,,,ds,1,,,ACTIVE,2025-07-11T08:01:12.000Z,2025-07-11T08:01:12.000Z,11,,Gharbeti nabasne,,
225,pending,3,3,1650,FLAT,RESIDENTIAL,,,Fulbari/Ranipauwa,38,224,4,Pokhara,1R,20000,,,,3,1,YES,NO,NO,YES,,,,,Residential,1,,,ACTIVE,2025-07-13T12:48:30.000Z,2025-07-13T12:48:30.000Z,11,,ss,,
226,pending,3,3,1695,FLAT,RESIDENTIAL,,,Fulbari/Ranipauwa/Nadipur,38,224,4,Pokhara,1R,16000,,,,2,2,YES,NO,YES,YES,,,,,1 floor or 2bhk house,1,,,ACTIVE,2025-08-03T10:15:11.000Z,2025-08-03T10:15:11.000Z,11,,Kukur ko lagi ni space chhaiyo,,
227,pending,3,3,1694,FLAT,RESIDENTIAL,,,Fulbari/Ranipauwa/Sitaldevi,38,224,4,Pokhara,1BHK,15000,,,,2,1,YES,NO,NO,YES,,,,,ws,1,,,ACTIVE,2025-08-03T10:20:06.000Z,2025-08-03T10:20:06.000Z,11,,Siddartha school ma bachha padhne,,
228,pending,3,3,304,ROOM,RESIDENTIAL,,,"lakeside, malepatan area",38,224,4,pokhara,1R,0,,,,0,0,NO,NO,NO,NO,,,,,for personal,1,,,ACTIVE,2026-01-21T10:35:50.000Z,2026-01-21T10:35:50.000Z,6,,,,
229,pending,3,3,807,FLAT,TOURISM,,,"Nayagaun, kajipokhari, milan tol, laxmi tol",38,224,4,pokhara,2BHK,14000,,,,5,5,YES,YES,NO,YES,,,,,for family  residential purpose,1,,,ACTIVE,2026-01-21T10:41:53.000Z,2026-01-21T10:42:31.000Z,14,,,,
230,pending,3,3,1882,FLAT,TOURISM,,,"sitaldevi, matepani laligurastol",38,224,4,pokhara,2BHK,18,,,,3,3,NO,NO,NO,NO,,,,,family residential,1,,,ACTIVE,2026-01-21T11:51:33.000Z,2026-01-21T11:52:27.000Z,12,,,,
231,pending,3,3,1883,FLAT,RESIDENTIAL,,,"Rambajar, aaudhyogik chetra, ranipauwa, nayagaun",38,224,4,pokhara,1R,15000,,,,3,3,NO,NO,NO,NO,,,,,residential purpose,1,,,ACTIVE,2026-01-22T06:10:20.000Z,2026-01-22T06:10:20.000Z,11,,,,
232,pending,3,3,1884,FLAT,RESIDENTIAL,,,"Hospital chowk, ctevt area",38,224,4,pokhara,3R,15000,,,,3,0,NO,NO,NO,NO,,,,,Residential,1,,,ACTIVE,2026-01-22T06:22:47.000Z,2026-01-22T06:22:47.000Z,11,,,,
233,pending,3,3,1885,FLAT,RESIDENTIAL,,,"Nayabajar, ranipauwa, fulbari",38,224,4,pokhara,1R,15000,,,,3,1,NO,NO,NO,YES,,,,,Residential,1,,,ACTIVE,2026-01-22T06:28:19.000Z,2026-01-22T06:28:19.000Z,11,,,,
234,pending,3,3,1886,HOUSE,COMMERCIAL,,,"Fulbari, rambajar,siddhartha chowk, mustang chowk,malepatan, alumaila chowk",38,224,4,pokhara,1R,100000,,,,10,0,NO,NO,NO,YES,3,4,,,commercial,1,,,ACTIVE,2026-01-22T06:36:29.000Z,2026-01-22T06:36:29.000Z,11,,,,
235,pending,3,3,649,FLAT,RESIDENTIAL,,,Fulbari area,38,224,4,pokhara,2BHK,12000,,,,4,0,NO,NO,NO,NO,,,,,Residential,1,,,ACTIVE,2026-02-13T05:52:20.000Z,2026-02-13T05:55:36.000Z,11,,,,
236,pending,3,3,1963,FLAT,RESIDENTIAL,,,fulbari area,38,224,4,Pokhara,3BHK,14000,,,,3,0,NO,NO,NO,NO,,,,,Residential,1,,,ACTIVE,2026-02-13T06:00:28.000Z,2026-02-13T06:00:28.000Z,11,,,,
237,pending,3,3,1964,FLAT,RESIDENTIAL,,,fulbari area,38,224,4,pokhara,2BHK,18000,,,,2,0,NO,NO,NO,NO,,,,,Residential,1,,,ACTIVE,2026-02-13T06:06:26.000Z,2026-02-13T06:06:26.000Z,11,,,,
238,pending,3,3,1965,FLAT,RESIDENTIAL,,,"sitaladevi,matepani,hospital chowk area",38,224,4,,1R,15000,,,,3,0,NO,NO,NO,NO,,,,,residential,1,,,ACTIVE,2026-02-13T06:12:33.000Z,2026-02-13T06:12:33.000Z,12,,,,
239,pending,3,3,1295,GODOWN,COMMERCIAL,1500-2000 sq ft,SQUARE_FEET,fulbari  chauthe amarsingh rambajar,38,224,4,pokhara,1R,60000,,,,,,YES,NO,YES,YES,,,,,for commercial,1,,,ACTIVE,2026-02-24T05:06:16.000Z,2026-02-24T05:06:16.000Z,11,,,,
